date,returns
2014-01-28,-1.699895231117788
2014-01-29,1.217152319215658
2014-01-30,0.5188548593303863
2014-01-31,0.10825766378757493
2014-02-03,-0.6634123601672802
2014-02-04,0.5070025346210882
2014-02-05,-0.02408477853645551
2014-02-06,1.4349164053333183
2014-02-07,-1.3747153319360892
2014-02-10,-0.04815795903330032
2014-02-11,1.2565234427228111
2014-02-12,-0.10708550014929777
2014-02-13,0.08329863038917709
2014-02-14,-0.3097453036390533
2014-02-17,-0.0477383945096756
2014-02-18,0.606964077027019
2014-02-19,0.0
2014-02-20,0.44986461567892155
2014-02-21,-1.7035375334773735
2014-02-24,1.1705819283896846
2014-02-25,-0.8946203878494289
2014-02-26,-0.4082128372434427
2014-02-27,1.100752918582773
2014-02-28,-2.116481119204327
2014-03-03,1.2560551608014836
2014-03-06,1.1337313391490786
2014-03-07,1.9856141990047655
2014-03-10,-1.4530370481158632
2014-03-11,-0.9249443387706179
2014-03-12,-0.8975109609648431
2014-03-13,0.03605552589987657
2014-03-14,-0.2165284137216658
2014-03-17,-0.49496087044856873
2014-03-18,-0.06052902551487511
2014-03-19,-1.4883768717639605
2014-03-20,1.0028211714959279
2014-03-21,0.2916162455407473
2014-03-24,-1.3805118152190308
2014-03-25,0.7842216395242425
2014-03-26,1.0562837237490454
2014-03-27,-0.03623844939095802
2014-03-28,-0.1450852630271111
2014-03-31,0.036291054653435136
2014-04-01,0.37423837967888773
2014-04-02,-1.1391301074256626
2014-04-03,0.10962909923127669
2014-04-04,-0.02435163776796909
2014-04-07,0.0
2014-04-08,-1.2128785743759314
2014-04-09,0.5408740905515467
2014-04-10,-0.07358352061227938
2014-04-11,0.08584217830461674
2014-04-14,0.5622799314767664
2014-04-15,-1.6840174255296918
2014-04-16,-0.2109574524365312
2014-04-17,0.34722257107490573
2014-04-18,0.0
2014-04-22,-0.6707266481586835
2014-04-23,0.12454852774561756
2014-04-24,-2.635879951087357
2014-04-25,-1.0534527021630318
2014-04-28,-1.352250484536392
2014-04-29,0.06543218188038273
2014-04-30,0.7299302481611535
2014-05-02,-2.47185869536763
2014-05-05,-3.8816109180513285
2014-05-06,-1.4497047869862585
2014-05-07,1.1725427470315508
2014-05-08,-0.08329863038918846
2014-05-09,1.6529301951210507
2014-05-13,2.1889807952734155
2014-05-14,-1.3591005138038954
2014-05-15,1.9055863790169263
2014-05-16,-1.3112309889321294
2014-05-19,-0.1617469014180614
2014-05-20,1.2733903049679651
2014-05-21,-1.3678636232841364
2014-05-22,0.06749004778007373
2014-05-23,2.518286432306358
2014-05-26,0.11835099021002995
2014-05-27,-1.4028816630794008
2014-05-28,1.323996568270798
2014-05-30,-0.14478449386728412
2014-06-02,-1.2992360936131124
2014-06-03,0.5456131706963082
2014-06-04,-0.14609206396748708
2014-06-05,-0.3328233119531605
2014-06-06,-0.9782322564363838
2014-06-10,1.496953909005515
2014-06-11,-1.1206093787876836
2014-06-12,1.6498511539342349
2014-06-13,-0.9280193872146766
2014-06-16,1.493847595971804
2014-06-17,0.6669742897156686
2014-06-18,0.07817589974688394
2014-06-19,-1.218648377811047
2014-06-20,1.0752791776261916
2014-06-23,-0.09134208242575026
2014-06-24,0.026106252595754286
2014-06-25,1.3224619028306517
2014-06-26,-1.296362463820435
2014-06-27,3.965220829060387
2014-06-30,3.4632828412928154
2014-07-01,-1.2187841299114177
2014-07-02,-1.6318819301458165
2014-07-03,-1.0399141512474523
2014-07-04,-0.30272475187252224
2014-07-07,0.22712943518192857
2014-07-08,-1.6136554953984643
2014-07-09,-1.1206403101468978
2014-07-10,2.3301527952514007
2014-07-11,0.1391084637857343
2014-07-14,1.1184533807987058
2014-07-15,-0.02499687552073415
2014-07-16,-0.21272610161741506
2014-07-17,1.8984378082597044
2014-07-18,-1.1745205180246834
2014-07-21,0.39717068468666544
2014-07-22,-0.024777007064324796
2014-07-23,1.1211846641378784
2014-07-25,-1.2699757641239726
2014-07-29,-0.3729492139827235
2014-07-30,-0.4493828558664993
2014-07-31,0.4618369314788244
2014-08-01,-0.09967606108092046
2014-08-04,1.1649654615707228
2014-08-05,-1.1774319578780836
2014-08-06,1.1034765742534045
2014-08-08,0.0
2014-08-11,1.8931863145666064
2014-08-12,0.7593600039680101
2014-08-13,-1.1108542147124754
2014-08-14,-1.049686191277168
2014-08-18,0.0
2014-08-19,-0.01227069146886441
2014-08-20,0.501867752689554
2014-08-21,1.9826568210005466
2014-08-22,1.4734106855461626
2014-08-25,-0.8409880777285655
2014-08-26,0.35621030303300727
2014-08-27,-1.1443681924015061
2014-08-28,0.8238360725381996
2014-08-29,-0.4289806387905136
2014-09-01,0.40519659776984457
2014-09-02,0.21385299821749243
2014-09-03,0.17786214447579413
2014-09-04,1.3765732993042286
2014-09-05,-0.233972965885485
2014-09-08,2.0748353693668715
2014-09-09,0.22917392865185177
2014-09-10,-0.8044171163749723
2014-09-11,0.0
2014-09-12,-0.10389611324191404
2014-09-15,2.9924298911857647
2014-09-16,5.368366463343682
2014-09-17,2.0712510417117938
2014-09-18,2.2125934773123848
2014-09-19,1.0731020165896688
2014-09-22,-0.29244209819902495
2014-09-23,-1.2704068415697107
2014-09-24,0.4795682881252474
2014-09-25,0.4063394457256638
2014-09-26,0.22278490227244774
2014-09-29,-0.751348848852468
2014-09-30,0.538701307833578
2014-10-01,1.4191773591434627
2014-10-02,-1.5003050382711514
2014-10-03,-0.8149174159767698
2014-10-06,2.185215935611823
2014-10-07,0.030016509305348195
2014-10-08,-1.7153079226249357
2014-10-09,-0.3670477204037435
2014-10-10,-0.8411168678064136
2014-10-13,-1.955543906108094
2014-10-14,3.12299188137788
2014-10-15,-3.6390269373088606
2014-10-16,0.23201866556973477
2014-10-17,-0.7401175675042229
2014-10-20,-2.874410713429889
2014-10-21,-0.9547397624889634
2014-10-22,-0.16553554516637092
2014-10-23,0.5287520580683197
2014-10-24,-0.9271589595557603
2014-10-27,1.5514422421957905
2014-10-28,-0.9323821179078426
2014-10-29,0.8340698045657824
2014-10-30,0.05462988390441544
2014-10-31,0.5446636558567085
2014-11-03,0.39032902208622045
2014-11-04,-1.3180300819663333
2014-11-05,1.1555781049388825
2014-11-06,0.42182746016943956
2014-11-07,-0.4651925952809382
2014-11-10,0.42201004036181383
2014-11-11,-1.9297409944819808
2014-11-12,1.1818916303142606
2014-11-13,0.06525285712774367
2014-11-14,0.35813158902823644
2014-11-17,0.0
2014-11-18,-0.5976005180944898
2014-11-19,1.0946838844064877
2014-11-20,-0.9639933844282677
2014-11-21,-0.054433619546664216
2014-11-24,-1.0399086652589655
2014-11-25,1.2791952706245768
2014-11-26,-2.0524234686148604
2014-11-27,0.08867214059169554
2014-11-28,0.022155755047981358
2014-12-01,0.18812598919691792
2014-12-02,-0.46542637209187254
2014-12-03,0.5759236209036832
2014-12-04,-2.086779958131152
2014-12-05,-1.7403612782080837
2014-12-08,0.24067400305648376
2014-12-09,2.2411803927377845
2014-12-10,-0.6400560843744721
2014-12-11,0.33738223635500825
2014-12-12,1.2828554536471815
2014-12-15,0.3651052349172421
2014-12-16,0.2536812698897164
2014-12-17,0.5163995434281404
2014-12-18,-0.7479960075743813
2014-12-19,0.8137278241391658
2014-12-22,-1.5562369150674156
2014-12-23,0.5214412436289734
2014-12-24,0.947143644351853
2014-12-26,-0.14259860914703923
2014-12-29,-1.3259862788337906
2014-12-30,3.4976242805446587
2014-12-31,0.4073325387635869
2015-01-02,0.43763745997987813
2015-01-05,-1.0384976368247707
2015-01-06,-0.1400032537120386
2015-01-07,-1.290760368500346
2015-01-08,-0.6681661311485176
2015-01-09,1.1908154045027861
2015-01-12,0.010859531964843
2015-01-13,-0.3371950766588186
2015-01-14,1.212923685310545
2015-01-15,-1.6278167359688487
2015-01-16,-1.055883105033536
2015-01-19,0.7819853714902945
2015-01-20,-0.5831561885679959
2015-01-21,0.16538952995435563
2015-01-22,0.16511644458066055
2015-01-23,0.745127269574206
2015-01-26,0.9344846879994761
2015-01-27,-1.2953972031293428
2015-01-28,1.446699512334778
2015-01-29,0.21574981400213142
2015-01-30,0.772867737165807
2015-02-02,-0.3320305090747274
2015-02-03,-1.0352729152429083
2015-02-04,1.5595906323739999
2015-02-05,-2.048589161793174
2015-02-06,0.23936471008778235
2015-02-10,-0.29384577926428945
2015-02-11,1.3854534845787598
2015-02-12,-0.5713377262087751
2015-02-13,0.8504276454490163
2015-02-16,-0.8720516048802406
2015-02-17,-0.2706947676439782
2015-02-18,-0.9587174423611897
2015-02-19,0.958717442361198
2015-02-20,-0.1736299947873083
2015-02-23,0.07600022080165975
2015-02-24,-0.8391962497241617
2015-02-25,1.574493680250038
2015-02-26,-2.807853660003935
2015-02-27,1.8117432148651154
2015-03-02,-0.6988453862384895
2015-03-03,0.1642306166470703
2015-03-04,-1.1221239855407725
2015-03-05,-0.6882798041722519
2015-03-06,1.0196253690879251
2015-03-09,-0.8860396874168434
2015-03-10,2.808125724782596
2015-03-11,0.2700514738675724
2015-03-12,-0.660211283853383
2015-03-13,0.2602756051260786
2015-03-16,-0.20599562767655533
2015-03-17,-0.48958374459615406
2015-03-18,0.3592622665513187
2015-03-19,0.7686100084812176
2015-03-20,-0.14029031600009892
2015-03-23,0.04318721725515269
2015-03-24,-0.07558987455652942
2015-03-25,1.074470420870163
2015-03-26,0.18151732067386062
2015-03-27,0.010667235596015373
2015-03-30,-0.17081246813550485
2015-03-31,0.7239465238893754
2015-04-01,1.2439544763697659
2015-04-02,1.0111098805719498
2015-04-03,0.9393617460926019
2015-04-07,-0.07194614627623874
2015-04-08,-0.991948617155992
2015-04-09,-0.15588467692910787
2015-04-10,-1.7415463240254274
2015-04-13,0.9270054796286511
2015-04-14,0.3036174661329717
2015-04-15,0.2818520577705391
2015-04-16,2.511712069481028
2015-04-17,0.6181929999073366
2015-04-20,-0.11119536146984624
2015-04-21,1.0063484346001594
2015-04-22,2.6676152064276155
2015-04-23,0.23371322353075985
2015-04-24,0.8523054015559639
2015-04-27,-1.5550901389262664
2015-04-28,1.3523580136904256
2015-04-29,-0.6398470690469851
2015-04-30,-0.26294021089689873
2015-05-04,-0.30274938891650144
2015-05-05,1.7740759020543273
2015-05-06,-0.9752406749689788
2015-05-07,-1.3087402346159396
2015-05-08,0.2552775073090772
2015-05-11,0.019609765726144677
2015-05-12,0.6839303650241441
2015-05-13,0.03894081046092016
2015-05-15,-1.17487155198734
2015-05-18,1.3887753768622881
2015-05-19,-1.0348623059191975
2015-05-20,0.8404232013003721
2015-05-21,-0.9189623767492944
2015-05-22,1.045390791352894
2015-05-26,0.11656145078832217
2015-05-27,0.20365618249789824
2015-05-28,-0.6804731224710746
2015-05-29,-0.6654947246719213
2015-06-01,0.39200363800735005
2015-06-02,-0.009781386030188459
2015-06-03,-0.9434959424729158
2015-06-04,0.5809104112264893
2015-06-05,-0.8379799615365724
2015-06-08,-1.536343067677031
2015-06-09,3.04943933540671
2015-06-10,-2.888716046162474
2015-06-11,0.7798479834580107
2015-06-12,0.0
2015-06-15,-1.1418393289714486
2015-06-16,0.0704899077574115
2015-06-17,2.0031563218804487
2015-06-18,-0.5143942492885033
2015-06-19,-0.35767549309010643
2015-06-22,0.5855224389539696
2015-06-23,0.24707232018235928
2015-06-24,0.39405035719186604
2015-06-25,0.09827044815995081
2015-06-26,-0.9771582464619677
2015-06-29,1.427962616343659
2015-06-30,1.417499462581536
2015-07-01,-1.1050907344115337
2015-07-02,0.19476099252091875
2015-07-03,-0.4289759917532167
2015-07-06,-0.6174371553379632
2015-07-07,0.9198616578238138
2015-07-08,2.908772388909879
2015-07-09,1.911781588484523
2015-07-10,0.3428627739061265
2015-07-13,0.6546517317758207
2015-07-15,3.290543644240402
2015-07-16,0.4525095339607114
2015-07-20,-0.41694449401974376
2015-07-21,0.858602309368651
2015-07-22,-1.107823622164626
2015-07-23,-0.8592194630425244
2015-07-24,-1.0118434869496993
2015-07-27,-4.2381974541729255
2015-07-28,-1.9804521955041683
2015-07-29,-1.0490625592735365
2015-07-30,0.31198231408261295
2015-07-31,0.9012125533388035
2015-08-03,1.0173808840084047
2015-08-04,0.9503968134443967
2015-08-05,2.7245574074297556
2015-08-06,-3.4555617543743993
2015-08-10,1.8877389261772652
2015-08-11,0.7080994834264116
2015-08-12,-0.01857010218892527
2015-08-13,1.2824828636598138
2015-08-14,1.1937992052872637
2015-08-17,-0.7455935612958478
2015-08-18,-0.5307479516081683
2015-08-19,1.022373122427944
2015-08-20,-1.3256125002122765
2015-08-21,-0.08286148796163138
2015-08-24,-1.5781983706955265
2015-08-25,1.835764514375102
2015-08-26,-1.6955054797397902
2015-08-27,0.06538695296251688
2015-08-28,1.8595290426241469
2015-08-31,0.484616684742347
2015-09-01,-0.5121181745797153
2015-09-02,0.009168003673635867
2015-09-03,-1.1711139426361175
2015-09-04,0.20385477778669636
2015-09-07,0.9030654811373677
2015-09-08,-0.8382896495104706
2015-09-09,0.3232512627720919
2015-09-10,-0.7589817996676603
2015-09-11,-0.764786417460276
2015-09-14,1.4130568855872
2015-09-15,-0.7226268243737028
2015-09-16,0.962346651507008
2015-09-17,-1.1484797904019082
2015-09-18,0.9456773610113832
2015-09-21,-0.8339559081841983
2015-09-22,0.7139245009470593
2015-09-23,0.0
2015-09-25,0.01847575062992893
2015-09-28,-0.6672869987299773
2015-09-29,0.4823757034387568
2015-09-30,0.03700962292428821
2015-10-01,0.44305038321424894
2015-10-02,-0.20282112604106786
2015-10-05,0.8179816758805079
2015-10-06,1.4268429463504047
2015-10-07,-1.6467642298936342
2015-10-08,0.7038741981476053
2015-10-09,0.09104981053298335
2015-10-12,-0.39210372582010583
2015-10-13,1.2258950344311392
2015-10-14,0.05413696784752007
2015-10-15,0.0360750364662886
2015-10-16,-0.9331045643531768
2015-10-19,0.18186783225106198
2015-10-20,-0.1909699120825968
2015-10-21,0.8249151614367154
2015-10-22,0.701694134970009
2015-10-23,-0.8824116324231132
2015-10-26,1.490153247385427
2015-10-27,0.7987262910210834
2015-10-28,-1.5679608533366571
2015-10-30,-1.857863034514163
2015-11-02,1.1278998959492672
2015-11-03,-0.6988909772718752
2015-11-04,-1.1911447412281788
2015-11-05,-0.4434187403976485
2015-11-06,-1.0517105642047309
2015-11-09,0.8014207464052125
2015-11-10,-0.8856628068933763
2015-11-11,0.9877083651711428
2015-11-12,0.0463499428923734
2015-11-13,-1.0902591338215388
2015-11-16,0.0749274175730431
2015-11-17,-0.29065699521243504
2015-11-18,-0.23501773449536267
2015-11-19,-1.1263192278710714
2015-11-20,0.3325892741282387
2015-11-23,-0.8574747660685436
2015-11-24,0.6675592213784032
2015-11-25,0.5119465106190996
2015-11-26,0.06617195495983383
2015-11-27,0.037792895385596055
2015-11-30,-0.0756000792007664
2015-12-01,-1.3706668043587182
2015-12-02,1.5312487120061504
2015-12-03,-1.6079505374348233
2015-12-04,0.5833708506353993
2015-12-07,1.1094893574511
2015-12-08,-0.4442141419221449
2015-12-09,-0.9517536391106123
2015-12-10,-1.4351317826333034
2015-12-11,0.4838875211581069
2015-12-14,-0.9701279034622959
2015-12-15,-1.324782635046199
2015-12-16,-0.3959225205536425
2015-12-17,-0.129013068060735
2015-12-18,-1.3597490045312117
2015-12-21,1.33988605879106
2015-12-22,1.6744210762321858
2015-12-23,-0.41108015215224614
2015-12-28,0.7620945531207224
2015-12-29,1.1612284541173987
2015-12-30,1.0146540577227552
2015-12-31,1.4184634991956382
2016-01-04,-1.4470390101773478
2016-01-05,-0.48703720395536915
2016-01-06,-0.508662740782224
2016-01-07,-0.12516248685420775
2016-01-08,-0.11567381278236441
2016-01-11,-0.9497115669452102
2016-01-12,2.338556265322694
2016-01-13,-1.5722689907657819
2016-01-14,2.4435691330609783
2016-01-15,-0.7857284708030283
2016-01-18,-0.5240852435868745
2016-01-19,0.4955694884390374
2016-01-20,0.44581529849869633
2016-01-21,-1.3338612396209844
2016-01-22,0.726302886975334
2016-01-25,-2.673001328680206
2016-01-26,0.9344952654930742
2016-01-27,-0.5051006367638188
2016-01-28,0.7953485185455272
2016-01-29,0.5779806091002748
2016-02-01,-0.2982061754873331
2016-02-02,0.3558209264569288
2016-02-03,0.23012763056614904
2016-02-04,0.27736615744723087
2016-02-05,-0.9404157206027522
2016-02-08,-0.38639924428239836
2016-02-09,1.068602226381767
2016-02-10,-0.7111311921270509
2016-02-11,1.0552668916663515
2016-02-12,0.1811508337303492
2016-02-15,-2.0012212984149724
2016-02-16,1.4950845162570934
2016-02-17,-1.8943255159103265
2016-02-18,1.0772096981911041
2016-02-19,0.20249753797713826
2016-02-22,1.842094560214998
2016-02-23,-0.15142914118339737
2016-02-24,2.3402734256473225
2016-02-25,-0.5380846084225884
2016-02-26,1.1836646427097102
2016-02-29,-0.23930062040837882
2016-03-01,0.184128205215728
2016-03-02,-0.11964476140791304
2016-03-03,2.6714290777636482
2016-03-04,0.6434913615918162
2016-03-07,4.110346937910472
2016-03-08,1.0292269649455879
2016-03-09,3.451629596988262
2016-03-10,0.789874225965472
2016-03-11,-2.5049558435742463
2016-03-14,-0.19980026626729977
2016-03-15,-1.773975647800986
2016-03-16,-4.626557349790242
2016-03-17,-4.246691453460451
2016-03-18,-0.4645553277105782
2016-03-21,1.083695132987742
2016-03-22,-0.14750624966422557
2016-03-23,0.6712360267493369
2016-03-24,-0.5329425459893142
2016-03-25,0.6062294675545763
2016-03-29,1.7429635135283597
2016-03-30,0.17982382116015114
2016-03-31,-0.7664945773506282
2016-04-01,-0.4354538315158532
2016-04-04,-0.3734576458755582
2016-04-05,-1.3228192156410854
2016-04-06,0.027737968833937737
2016-04-07,0.5623430352616566
2016-04-08,0.25706955031008916
2016-04-11,-2.347155387480933
2016-04-12,0.7295206315929759
2016-04-13,1.5075430016492368
2016-04-14,-2.199522572266368
2016-04-15,-0.2819020848261029
2016-04-18,1.0670262225351919
2016-04-19,0.6218406041987868
2016-04-20,-0.6497748657520007
2016-04-21,1.1113283482881695
2016-04-22,2.3033473118612338
2016-04-25,-1.651580190733518
2016-04-26,0.1188788947097594
2016-04-27,-1.250706021976011
2016-04-28,0.1849112952912122
2016-04-29,-0.3608942981494165
2016-05-03,-0.9781623475713513
2016-05-04,-0.5538620119702137
2016-05-06,0.9089693844779546
2016-05-09,-0.8054740560509154
2016-05-10,1.456336418789651
2016-05-11,-1.7860122224925574
2016-05-12,-1.7992774418240376
2016-05-13,1.9407001778825828
2016-05-17,0.16003769007648613
2016-05-18,2.9930425055061542
2016-05-19,0.4372388091736557
2016-05-20,-0.9039093729021558
2016-05-23,-2.667568369433836
2016-05-24,-0.519432626556891
2016-05-25,0.9986892879008314
2016-05-26,0.1405218274232719
2016-05-27,0.18705579715342513
2016-05-30,0.7818357025922383
2016-05-31,-1.720633434942097
2016-06-01,2.487203801543559
2016-06-02,-1.6044860781407817
2016-06-03,-0.571939114744149
2016-06-06,0.5064726639608255
2016-06-07,-0.3185909741228283
2016-06-08,-0.27254375218289456
2016-06-09,0.796742275374112
2016-06-10,1.9141552577073329
2016-06-13,0.06409376220879436
2016-06-14,0.10977953714349278
2016-06-15,-0.7617860711875674
2016-06-16,0.5512693122827095
2016-06-17,-0.5881288777571653
2016-06-20,2.1427763081806104
2016-06-21,-0.6970561877286942
2016-06-22,-2.5671925536378577
2016-06-23,0.2699308196441631
2016-06-24,-0.45651544323127874
2016-06-27,0.7257195974553989
2016-06-28,-0.40873257088866216
2016-06-29,-1.019796460225867
2016-06-30,-0.24479816386401126
2016-07-01,-2.607224030977513
2016-07-04,-0.1355538549935319
2016-07-05,0.2515968039017309
2016-07-07,0.4339656745484935
2016-07-08,0.5852739182271759
2016-07-11,-1.406574249591453
2016-07-12,-0.36936278384976823
2016-07-13,-0.07793473360858513
2016-07-14,-0.5178574277638057
2016-07-15,-0.019594396065434953
2016-07-18,-1.9191409072251884
2016-07-19,-0.58098931331653
2016-07-20,-2.3171768454768396
2016-07-21,-1.3664808901721952
2016-07-22,0.3952985486593057
2016-07-25,0.7241161256559694
2016-07-26,-0.5892403465332329
2016-07-27,0.6407628372396801
2016-07-28,-0.9522895689346031
2016-07-29,0.81827583824411
2016-08-01,-0.6416248856719096
2016-08-02,0.35236848564271894
2016-08-03,-0.11386575424145529
2016-08-04,-0.1554807258023476
2016-08-05,-1.3156710612364573
2016-08-09,-1.0566455031139192
2016-08-10,-1.196851217704535
2016-08-11,-0.04301075335121514
2016-08-12,-1.0704540773372868
2016-08-16,-0.8076883026464896
2016-08-17,-1.0797813152537334
2016-08-18,-1.6643779904174358
2016-08-19,0.3148900487667108
2016-08-22,1.559746415614075
2016-08-23,0.7489021786039395
2016-08-24,2.1062552598354443
2016-08-25,0.9303387425383471
2016-08-26,0.8690177622629038
2016-08-29,0.22134396388723143
2016-08-30,0.661107397637896
2016-08-31,1.9062008856215136
2016-09-01,0.45049733197691666
2016-09-02,0.08169100832120439
2016-09-05,0.9549036395198515
2016-09-06,1.4653012073959673
2016-09-07,1.5324833998144163
2016-09-08,-0.30462363260632525
2016-09-09,-1.1083735436922764
2016-09-13,-1.7264305140831413
2016-09-14,-1.9114396023315328
2016-09-15,3.488490015938645
2016-09-16,-3.478170630964826
2016-09-19,-1.0685303180275123
2016-09-20,1.1407362111022783
2016-09-21,-2.1891836427790934
2016-09-22,-0.6874333030750318
2016-09-23,-0.4786988557224692
2016-09-26,-2.69103610844508
2016-09-27,1.8450707913116389
2016-09-28,-0.8748773197743566
2016-09-29,-0.08682440311011948
2016-09-30,1.9781337337587843
2016-10-03,-2.5006692140252875
2016-10-04,0.9883327802342878
2016-10-05,-0.45494012607946643
2016-10-06,0.6277076887596997
2016-10-07,-0.9539367732132611
2016-10-10,0.7919759323245031
2016-10-11,-1.1848608641978897
2016-10-12,-1.1548107438743902
2016-10-13,-1.1235448298369684
2016-10-14,0.9242312880488579
2016-10-17,-2.0152943582152725
2016-10-18,1.2587264414722414
2016-10-19,-2.156204774506026
2016-10-20,-0.25137124753627577
2016-10-21,1.40863399278205
2016-10-24,-0.36162317631760976
2016-10-25,-1.3563780067744817
2016-10-26,-0.4370334730622424
2016-10-27,1.691468898657334
2016-10-28,1.8192528696766943
2016-10-31,1.7976773049429913
2016-11-02,2.525495761051435
2016-11-03,-0.5021646323657722
2016-11-04,0.31014409117970015
2016-11-07,-2.191484043150142
2016-11-08,2.9255689397519555
2016-11-09,3.785809835431305
2016-11-10,-4.797910308880224
2016-11-11,0.5552603694895742
2016-11-14,0.11706487794622476
2016-11-16,0.3079702959809031
2016-11-17,-1.3987735402537491
2016-11-18,-1.4949904694659808
2016-11-21,-1.4401392195888643
2016-11-22,1.0464379236549228
2016-11-23,1.6949558313773205
2016-11-24,-2.0242284370749193
2016-11-25,0.7775322531403627
2016-11-28,-0.17469160463973352
2016-11-29,-0.18594481704339516
2016-11-30,2.8599585875357145
2016-12-01,-0.8440671940664524
2016-12-02,1.2899278052879626
2016-12-05,-1.6015717091204091
2016-12-06,-0.1292407288133047
2016-12-07,1.0932584772771596
2016-12-08,-2.8655255760376175
2016-12-09,1.7614894946114148
2016-12-13,-1.4766826419999295
2016-12-14,2.0570174249630906
2016-12-15,-0.3972732985776109
2016-12-16,-1.092552378937109
2016-12-19,-0.4141695293715932
2016-12-20,0.8049646424440378
2016-12-21,1.184720372599065
2016-12-22,-0.9142306215290494
2016-12-23,1.2989286809195957
2016-12-27,-0.6634588274471418
2016-12-28,1.523656347318965
2016-12-29,-0.09521291383138596
2016-12-30,3.4434150435076964
2017-01-02,-0.3482896370613954
2017-01-03,-1.7912162913397323
2017-01-04,0.07310323546277744
2017-01-05,0.1356215324458502
2017-01-06,0.020848535465905312
2017-01-09,0.6545137904908475
2017-01-10,-1.0513811521217644
2017-01-11,0.3030147034044636
2017-01-12,-0.25070523942987144
2017-01-13,0.14632109634007393
2017-01-16,0.1461073104834468
2017-01-17,-0.17744381254172736
2017-01-18,0.08354219366422644
2017-01-19,0.9660907217640915
2017-01-20,0.5567024686893334
2017-01-23,-0.7947608536408696
2017-01-24,0.08286721004554984
2017-01-25,-0.1346941093657683
2017-01-26,0.6716635945541028
2017-01-27,-0.27845116738394243
2017-01-30,0.6895514380361699
2017-01-31,0.7866414370534069
2017-02-01,-0.7763855527307817
2017-02-02,-0.06155108934578022
2017-02-03,0.7972241733208443
2017-02-06,-0.5205421297238526
2017-02-07,0.8254823944843399
2017-02-08,-1.174021957982844
2017-02-09,1.255182558968286
2017-02-10,1.0993000623554947
2017-02-13,-0.2812376301266094
2017-02-14,-0.47386286179518416
2017-02-15,-0.3949172263365065
2017-02-16,0.8386005194704461
2017-02-17,-0.020124773664219154
2017-02-20,-0.2922652622113235
2017-02-21,-1.0042180044934457
2017-02-22,1.6982112349191492
2017-02-23,1.3044745594577714
2017-02-24,3.699989945351903
2017-02-27,1.6640262943847122
2017-02-28,-0.018754688727154984
2017-03-01,2.097330032788137
2017-03-02,-2.888220135928636
2017-03-03,0.18887530404802536
2017-03-06,-0.5771885258023839
2017-03-07,-0.33268411464556547
2017-03-08,-0.44849543187174823
2017-03-09,-1.2607837474824433
2017-03-10,0.5312738890646138
2017-03-13,-0.32809061564192504
2017-03-14,1.5917490160931513
2017-03-15,0.7581537452397753
2017-03-16,1.0518504191220317
2017-03-17,-0.037376191801216596
2017-03-20,-0.5529277008266086
2017-03-21,0.19715539409748106
2017-03-22,1.913667316353205
2017-03-23,1.2617887073465635
2017-03-24,-0.802777527800119
2017-03-27,-0.809274234666674
2017-03-28,-0.5462723644266176
2017-03-29,0.41691819319752654
2017-03-30,-0.5655756580914922
2017-03-31,1.8333923641836194
2017-04-03,-0.27424827500711013
2017-04-04,0.10978958101898612
2017-04-05,-0.30221186974036957
2017-04-06,0.4301475538265138
2017-04-07,-0.6505130823564168
2017-04-10,0.3395277407146268
2017-04-11,-0.06414662304723029
2017-04-12,-1.9250941570755562
2017-04-13,-0.21516449668697407
2017-04-14,-0.02809909633062861
2017-04-18,-0.37541104624877863
2017-04-19,-1.0872241342636582
2017-04-20,-0.3714113121523549
2017-04-21,0.0
2017-04-24,0.7509184090075077
2017-04-25,1.1393183829443003
2017-04-26,0.06551546867315018
2017-04-27,-0.2529393825951765
2017-04-28,-0.7626796538184791
2017-05-02,-1.5334364000106686
2017-05-03,0.19177299961147273
2017-05-04,-0.2781909799283878
2017-05-05,0.6224583181323984
2017-05-08,-0.9014253597093026
2017-05-09,0.4133627611435516
2017-05-10,0.06713018712900681
2017-05-11,-0.13430546915223088
2017-05-12,0.0767680682553463
2017-05-15,-0.8380340911017654
2017-05-16,0.6460033071750226
2017-05-17,-0.56864882642744
2017-05-18,0.33772406297850166
2017-05-19,-1.036078016603235
2017-05-22,-0.17535318667618302
2017-05-23,-1.0783361033816075
2017-05-24,2.270499483865384
2017-05-26,-0.7931943308538285
2017-05-29,-0.31125402037168265
2017-05-30,-0.22431374305383997
2017-05-31,1.3769246921375704
2017-06-01,-2.3778161798697073
2017-06-02,-0.26662732430038755
2017-06-06,-1.7254704251550623
2017-06-07,1.219893140064418
2017-06-08,-1.7444051353791883
2017-06-09,0.2222447626561562
2017-06-12,0.9640564724116785
2017-06-13,-0.7825865163707233
2017-06-14,2.437810390930521
2017-06-15,-1.935448237276561
2017-06-16,0.06011421882262748
2017-06-19,-1.361388443950662
2017-06-20,-6.480254217955081
2017-06-21,-0.3907526951730049
2017-06-23,6.433458517275714
2017-06-27,0.69105966076296
2017-06-28,2.0846615823767833
2017-06-29,-2.9390199118019966
2017-06-30,0.6211516331123061
2017-07-03,-3.312825520743137
2017-07-04,0.20964368265281672
2017-07-05,3.3465156294546694
2017-07-06,-2.824321231339505
2017-07-07,-0.2398707934308342
2017-07-10,-1.409066425854995
2017-07-11,1.5968403178730983
2017-07-12,1.1502121523361208
2017-07-13,-2.35599347160941
2017-07-14,-2.099954584913489
2017-07-17,-2.9405846149339
2017-07-18,0.06654098060757205
2017-07-19,2.1496769879003135
2017-07-20,-1.5968839826490138
2017-07-21,-0.6859192729710717
2017-07-24,-0.011101859572887306
2017-07-25,1.728071178964332
2017-07-26,0.07635669855578842
2017-07-27,-1.2066842336883505
2017-07-28,1.261189058714612
2017-07-31,0.42412112947169894
2017-08-01,-0.5549826530537619
2017-08-02,0.5441301922476095
2017-08-03,-0.6533124282274826
2017-08-04,-0.7566240383315925
2017-08-08,0.37354471033940945
2017-08-09,-0.6159957878883877
2017-08-10,0.3304695671131352
2017-08-11,-1.028030940755652
2017-08-14,0.022219753452146846
2017-08-16,1.7945106420927548
2017-08-17,-2.732017508638347
2017-08-18,1.2923531027127437
2017-08-21,-0.35484623616715
2017-08-22,1.0278037099344768
2017-08-23,0.5263747212204063
2017-08-24,-1.7654656935219992
2017-08-25,-0.30102035105611846
2017-08-28,-2.5443787907837847
2017-08-29,0.8780488591708092
2017-08-30,-0.7292648546141398
2017-08-31,-0.734622220197859
2017-09-04,0.3335445038343768
2017-09-05,-0.5988731476965911
2017-09-06,-1.2203068510892583
2017-09-07,-0.33967821825834127
2017-09-08,0.04692082197518929
2017-09-11,1.3512145010588725
2017-09-12,-0.4522533365017496
2017-09-13,0.48695748399562955
2017-09-14,-0.9412654469356624
2017-09-15,0.221587355231398
2017-09-18,-0.5490347300228043
2017-09-19,-0.8351515929437534
2017-09-20,-1.5234762640126809
2017-09-21,0.9311276536748838
2017-09-22,-0.4406080364204491
2017-09-25,0.22650066308520617
2017-09-26,-0.8370250949333767
2017-09-27,0.8012959216836458
2017-09-28,-0.03574194355080511
2017-09-29,1.1256709893543757
2017-10-02,-1.3642776403786603
2017-10-03,0.44097562670077195
2017-10-04,1.9548432201242694
2017-10-05,-0.58479698824231
2017-10-06,1.536521906405614
2017-10-09,-1.0917646189581651
2017-10-10,0.8836239332692283
2017-10-11,0.8873581705626238
2017-10-12,-1.7126083936925633
2017-10-13,-0.40933335909999635
2017-10-16,-1.8093085060456149
2017-10-17,0.5948857519772484
2017-10-18,-0.39222728123378864
2017-10-19,-1.9238299242314356
2017-10-20,1.302635715468679
2017-10-23,-0.528656764089982
2017-10-24,1.9091380469465211
2017-10-25,0.5657056925056483
2017-10-26,-0.9446285852075135
2017-10-27,-2.486465253965855
2017-10-30,0.7753855179523391
2017-10-31,-0.44753627766154724
2017-11-02,0.8089389117171863
2017-11-03,-2.262044643604727
2017-11-06,-0.012300879528384453
2017-11-07,-1.0138563600439592
2017-11-08,1.357710315444751
2017-11-09,-0.9484581785439338
2017-11-10,0.13604602926986495
2017-11-13,1.167304524450864
2017-11-14,-1.4643712115373873
2017-11-16,0.07434944580412076
2017-11-17,0.23507588926204914
2017-11-20,0.6159930775288011
2017-11-21,-0.8882367798929666
2017-11-22,1.6712111738136808
2017-11-23,-0.2440215949783166
2017-11-24,0.31711210864758527
2017-11-27,-1.2621943194266934
2017-11-28,0.5411401718353465
2017-11-29,0.5260272695879489
2017-11-30,-0.12208523064419928
2017-12-04,-1.229120685163217
2017-12-05,-0.14851487878300654
2017-12-06,1.0962726038469885
2017-12-07,-0.8735829163719838
2017-12-08,0.06177033984781677
2017-12-11,-0.17305319522699758
2017-12-12,0.7395571733287142
2017-12-13,-0.20898649194592422
2017-12-14,1.4052898215711402
2017-12-15,1.0621705171957074
2017-12-18,1.1341373878470833
2017-12-19,1.1566280246045897
2017-12-20,-0.6711039492621603
2017-12-21,1.2327717024589786
2017-12-22,-0.8319223093199271
2017-12-26,0.9834993219593771
2017-12-27,0.20949728332597203
2017-12-28,0.1510311062576279
2017-12-29,1.6350393028697765
2018-01-02,-1.391546806197467
2018-01-03,-0.638979809877101
2018-01-04,-0.6313595156852213
2018-01-05,0.12893396851507352
2018-01-08,-0.7997220088707501
2018-01-09,-1.2595223540073255
2018-01-10,0.8335366193115852
2018-01-11,-0.7379228914585247
2018-01-12,-0.08365701115321374
2018-01-15,-0.21543993970263253
2018-01-16,-0.2038981216157228
2018-01-17,0.8250181308797977
2018-01-18,-1.2581796792934834
2018-01-19,1.007806970260568
2018-01-22,-1.1163911638334647
2018-01-23,-0.07245502067970727
2018-01-24,0.15691958075408405
2018-01-25,0.7569876940902036
2018-01-26,-1.313351006342144
2018-01-29,-0.12135923819586864
2018-01-30,-0.49911845049242337
2018-01-31,0.31680299434092035
2018-02-01,1.0046686211804927
2018-02-02,0.16847176066569983
2018-02-05,-0.22870909758742358
2018-02-06,1.150264300072291
2018-02-07,0.035733429002705375
2018-02-08,1.230930443379569
2018-02-09,-0.8268414694683186
2018-02-12,-0.1543118592159609
2018-02-13,-0.5957363025811852
2018-02-14,0.6788568915858164
2018-02-15,0.14233189450644038
2018-02-16,0.8262558810257559
2018-02-19,-0.21181462379165025
2018-02-20,0.17654332838161108
2018-02-21,0.38730169885225846
2018-02-22,0.1521624920499478
2018-02-23,0.6412146714833765
2018-02-26,-0.7348257244227898
2018-02-27,0.1637618800884449
2018-02-28,0.7800260750028297
2018-03-01,0.8085052126739908
2018-03-02,-0.7041876141093947
2018-03-05,0.5775688921568363
2018-03-06,0.43673210434864795
2018-03-07,-0.42521468423802483
2018-03-08,-1.7308906312699859
2018-03-09,0.8866133673831137
2018-03-12,0.28993931590025784
2018-03-13,-0.8723521444991219
2018-03-14,2.5603981985874893
2018-03-15,-0.6397097438107722
2018-03-16,-1.1526176475766508
2018-03-19,-1.1895183989280749
2018-03-20,0.03518855235418983
2018-03-21,-0.011728141689385883
2018-03-22,-0.2701275939363201
2018-03-23,0.504429481817766
2018-03-26,1.6479425969746466
2018-03-27,-0.25354398738619943
2018-03-28,0.1729406091953265
2018-03-29,-1.286899679998247
2018-03-30,0.7208495346145086
2018-04-03,-0.8843436735674245
2018-04-04,0.046739893349154786
2018-04-05,-0.6445964305825643
2018-04-06,-0.4005660398411258
2018-04-09,-0.6870436880737374
2018-04-10,0.2374452023828089
2018-04-11,0.09482044090783563
2018-04-12,-0.4393002018828837
2018-04-13,0.30889890310101054
2018-04-16,-1.0733555643108552
2018-04-17,-0.16800675978717292
2018-04-18,-0.2164242758917904
2018-04-19,-0.7975873097240241
2018-04-20,1.0500368036577816
2018-04-23,-0.44522063796703143
2018-04-24,0.5772021797122191
2018-04-25,1.4285957247476433
2018-04-26,-0.1656217106380137
2018-04-27,0.4371204313845951
2018-04-30,2.0188561278528065
2018-05-02,0.23078708605022116
2018-05-03,-0.79847672972906
2018-05-04,-1.900127540757392
2018-05-07,0.14199505403216314
2018-05-08,-1.2254034725101437
2018-05-09,-1.2527265728394095
2018-05-11,-1.2808958292581134
2018-05-14,0.7339482488045749
2018-05-15,-0.9305809777618831
2018-05-16,-0.45619954589362866
2018-05-17,-2.451961717431873
2018-05-18,1.2334958157951366
2018-05-22,0.1874649052413434
2018-05-23,-0.03746487711633789
2018-05-24,-0.7774333827510461
2018-05-25,1.2633853701475202
2018-05-28,-1.7555309782911248
2018-05-29,0.02529724273546392
2018-05-30,-0.29130537983160815
2018-05-31,1.0095996911476086
2018-06-01,-0.32700318410763024
2018-06-04,-0.37864490525031474
2018-06-05,0.5171229282605012
2018-06-06,-0.7196546430606614
2018-06-07,-0.4699316452784495
2018-06-08,-0.9465407072791374
2018-06-12,1.1754319567537057
2018-06-13,0.15230362126713418
2018-06-15,1.0094722947010255
2018-06-18,-0.3395589001138383
2018-06-19,1.1896702830801908
2018-06-20,-0.8501113829663568
2018-06-21,-1.760541957379113
2018-06-22,1.5342975169821558
2018-06-25,-0.6944910797673395
2018-06-26,-0.22833956388232565
2018-06-27,0.36762417012925513
2018-06-28,0.9946572403703823
2018-06-29,0.798606690105443
2018-07-02,-1.7300168219225958
2018-07-03,1.0065510245198366
2018-07-04,-0.38883711581710867
2018-07-05,-0.7569103879953816
2018-07-06,-0.482356863140602
2018-07-09,-0.8048590238723659
2018-07-10,0.43517283573973004
2018-07-11,0.2805766411502937
2018-07-12,-0.1912168343486928
2018-07-13,-0.10213201449504031
2018-07-16,0.8014800234591729
2018-07-17,0.34153470679063663
2018-07-18,-0.012628654433646965
2018-07-19,-0.13902055951490636
2018-07-20,-0.48174535359436593
2018-07-23,-0.43301137448621635
2018-07-24,0.4075919539121455
2018-07-25,-0.241807308404342
2018-07-26,0.6350840601395819
2018-07-27,0.8823957417839543
2018-07-30,-1.2375457852985292
2018-07-31,0.36781067529700506
2018-08-01,0.0
2018-08-02,-0.9795892848959662
2018-08-03,-0.3201232005859429
2018-08-08,-0.9924680290778018
2018-08-09,-0.7671840502000984
2018-08-10,0.49479267612286426
2018-08-13,0.3630238655534426
2018-08-14,0.1293326615870766
2018-08-16,-2.1028659683540303
2018-08-17,0.4477815989817285
2018-08-20,-0.9904339795135685
2018-08-22,0.1723795427845041
2018-08-23,0.2381898704533674
2018-08-24,-0.09256199007977403
2018-08-27,0.38291457627279546
2018-08-28,0.6567736730556624
2018-08-29,-0.6831345536617237
2018-08-30,0.4209424789705252
2018-08-31,-0.8039582017829595
2018-09-03,-1.077639644526624
2018-09-04,0.7728219676532959
2018-09-05,-0.7995778206557274
2018-09-06,-0.6712335579392681
2018-09-07,-0.6079867407669681
2018-09-10,-0.871109360414199
2018-09-11,0.36842506025548205
2018-09-12,-0.4504819576387815
2018-09-13,-0.6864387195551106
2018-09-14,-0.5525639145679692
2018-09-17,-1.226496211085734
2018-09-18,-0.8166758992313647
2018-09-19,1.2085588360195005
2018-09-20,-0.7149396121643183
2018-09-21,-0.366455660269299
2018-09-24,-1.3648207305071631
2018-09-25,0.22876761478335494
2018-09-26,0.19974325374079416
2018-09-27,-1.1756407807050095
2018-09-28,1.0900853783666966
2018-10-01,-0.48620144398200704
2018-10-02,-0.8204436090004603
2018-10-03,0.5189574858732205
2018-10-04,-1.6819303259447145
2018-10-05,0.8300011245432861
2018-10-08,-1.5343327229737558
2018-10-09,0.5580043847298005
2018-10-10,0.96182612663129
2018-10-11,-1.2257558986083879
2018-10-12,-1.3897325974453838
2018-10-15,-0.08936551086252871
2018-10-16,-2.321478989461999
2018-10-17,0.8352998677295578
2018-10-18,-1.0337580658331944
2018-10-19,-0.42879085606472966
2018-10-22,-0.6466535235746127
2018-10-23,0.10806639415264127
2018-10-24,-0.7122978397489083
2018-10-25,-0.7330610695323877
2018-10-26,-0.2037139308276189
2018-10-29,-1.231076153788428
2018-10-30,-0.0794344310574191
2018-10-31,0.7284276072697733
2018-11-02,-1.4141810321784338
2018-11-05,-1.1265004868102129
2018-11-06,0.33928459722033955
2018-11-07,-0.6634865346139641
2018-11-08,-0.2764004686275668
2018-11-09,0.14642482076005287
2018-11-12,-0.293064358238451
2018-11-13,-2.109157111189986
2018-11-14,0.6308121847474684
2018-11-16,0.1818633220105532
2018-11-19,-1.968370473444762
2018-11-21,0.2019522732829212
2018-11-22,-2.2958239878695017
2018-11-23,-1.0896933909954436
2018-11-26,-0.052187528365466536
2018-11-27,0.38207757491479594
2018-11-28,0.41515368397348396
2018-11-29,-0.3458416035690648
2018-11-30,1.1710138979375906
2018-12-03,-1.1190613467647235
2018-12-04,-0.9742596198818482
2018-12-05,0.6100236782139353
2018-12-06,-0.1043115532691988
2018-12-07,3.386096408330265
2018-12-10,1.2532539335085364
2018-12-11,1.8101530950025584
2018-12-12,3.9333607578298158
2018-12-13,-0.17261675529776305
2018-12-14,-0.8042304641492722
2018-12-17,-0.333042889708507
2018-12-18,0.8384135167851983
2018-12-19,0.3145645877919207
2018-12-20,-0.4091272425926235
2018-12-21,0.9728619018312689
2018-12-24,2.2389571101448054
2018-12-26,1.319700609228154
2018-12-27,1.6143848371356204
2018-12-28,1.0032542100887647
2018-12-31,-1.1219485860416296
2019-01-02,-1.3752085188977154
2019-01-03,-0.5281835262732628
2019-01-04,0.0605052204209484
2019-01-07,-2.2325086228069537
2019-01-08,-1.2760832979953165
2019-01-09,-0.7546019143122735
2019-01-10,-0.42697937882580334
2019-01-11,-1.115549417178551
2019-01-14,-2.712746546589802
2019-01-15,-0.5283155758834057
2019-01-16,-0.11594204197347079
2019-01-17,-1.233965965961099
2019-01-18,0.702226594091691
2019-01-21,-0.2502295074960423
2019-01-22,0.5330680622418712
2019-01-23,-1.5909236160081304
2019-01-24,1.4412852141563945
2019-01-25,-0.09988347759007561
2019-01-28,1.0932691300191455
2019-01-29,-1.3100261969619196
2019-01-30,2.0813437158640156
2019-01-31,1.8465053301657062
2019-02-01,-0.16061680292022917
2019-02-04,-0.06431902456822795
2019-02-05,-0.12876229044446869
2019-02-06,-1.2152786690695907
2019-02-07,-0.29387776252440423
2019-02-08,1.5574617219624871
2019-02-11,0.0804570000759966
2019-02-12,1.4055494129682222
2019-02-13,-1.1806135854797892
2019-02-14,0.30446301862252323
2019-02-15,-0.25632824031646845
2019-02-18,0.17629622323957425
2019-02-19,0.06403073694037106
2019-02-20,0.44707083884499965
2019-02-21,-1.153674067882425
2019-02-22,0.8185584586439502
2019-02-25,0.7484707287962987
2019-02-26,-0.06348198911811322
2019-02-27,-0.5571931951289996
2019-02-28,0.031923384149805105
2019-03-01,0.8106219386563319
2019-03-04,0.39497641995922805
2019-03-05,-2.4905501853277787
2019-03-06,0.09694620245481636
2019-03-07,-0.6643466061194822
2019-03-08,-0.19528077808718297
2019-03-11,-0.4571436532580877
2019-03-12,-2.43490290102865
2019-03-13,0.6018072325562945
2019-03-14,2.094576451546262
2019-03-15,-1.413567258691344
2019-03-18,0.9391287409458919
2019-03-19,-0.3778859339450868
2019-03-20,1.4219410947863922
2019-03-21,-0.9457106192320294
2019-03-22,1.3182711862295413
2019-03-25,-0.0646935167314907
2019-03-26,0.468082526825104
2019-03-27,-2.280229087398049
2019-03-28,0.32894766503987055
2019-03-29,-1.5722293242328014
2019-05-24,-1.343429104912751
2019-05-27,0.3375530631281214
2019-05-28,-0.2699512353043486
2019-05-29,-0.1352493866355533
2019-05-31,0.21968745633199238
2019-06-03,-1.3425301481520597
2019-06-05,0.06841115368568887
2019-06-06,-0.49704447175422156
2019-06-07,1.263462257215648
2019-06-11,-1.1775884863738693
2019-06-12,0.5990604137156973
2019-06-13,-0.08536065392406512
2019-06-14,0.6129765489869613
2019-06-17,-1.109510400230741
2019-06-18,-0.017165908547854297
2019-06-19,-0.3439384301909467
2019-06-20,0.24088105246779642
2019-06-21,0.2574445770996807
2019-06-24,0.5129093138820723
2019-06-25,-1.945821185273328
2019-06-26,2.2183009178918445
2019-06-27,-0.42607648608549203
2019-06-28,0.2217863231054622
2019-07-01,0.2892880431504678
2019-07-02,0.15281436032628173
2019-07-03,-1.0574889609145928
2019-07-04,-0.240343463334717
2019-07-05,0.1888898990402929
2019-07-08,-0.12016137399812803
2019-07-09,-0.18911722304629364
2019-07-10,-0.017210222914861573
2019-07-11,-0.20675403643561882
2019-07-12,-0.03450060410277819
2019-07-15,-0.3629768050578724
2019-07-16,-0.19065782705815315
2019-07-17,-1.0639325962873858
2019-07-18,1.0639325962873882
2019-07-19,1.6005848970369556
2019-07-22,-0.9262501899173986
2019-07-23,-1.248498963887078
2019-07-24,0.1046390050133608
2019-07-25,0.33063634053875135
2019-07-26,-0.48763593667769295
2019-07-29,-0.17473357582244456
2019-07-30,0.22709416694804205
2019-07-31,0.6088563646609898
2019-08-01,-0.9234319473884823
2019-08-02,-1.0027351148053818
2019-08-05,-0.23010896072686715
2019-08-06,-0.12412449505692777
2019-08-08,-0.17758839687687555
2019-08-09,1.5870549999955894
2019-08-13,-1.3030647487816374
2019-08-14,-0.44408990295088796
2019-08-16,-0.5892348090224298
2019-08-19,0.07160759346440891
2019-08-20,-0.017897091770370282
2019-08-21,-0.5744047385418457
2019-08-22,0.4848712022537255
2019-08-23,-0.17930791965712062
2019-08-26,0.2688414559452501
2019-08-27,0.49991177133947184
2019-08-28,-0.8226083582874962
2019-08-29,0.5551093133572135
2019-08-30,0.10708550014930276
2019-09-02,-1.7635871876188158
2019-09-03,1.029540386109985
2019-09-04,-0.05392289157350825
2019-09-05,1.3216838224660756
2019-09-06,-0.7479999256665797
2019-09-09,-0.7356272520297756
2019-09-10,-0.4693149408344161
2019-09-11,0.18076649897040872
2019-09-12,-0.5796067666186846
2019-09-13,0.9221654717454073
2019-09-16,0.788817284900608
2019-09-17,-0.6089934637404559
2019-09-18,-1.3384175197974313
2019-09-19,-0.34655757439436025
2019-09-20,1.4691476722826702
2019-09-23,-0.5416153337562074
2019-09-24,-1.330315746490196
2019-09-25,0.45758293440586234
2019-09-26,-1.7314855121488344
2019-09-27,1.035129390556485
2019-09-30,0.11027385789405106
2019-10-01,-0.7374664691267182
2019-10-02,-0.4265189590669719
2019-10-03,0.4820179892585078
2019-10-04,0.6084650467983442
2019-10-07,-0.589972212718827
2019-10-08,-1.171779426365436
2019-10-09,-0.7700291593447217
2019-10-10,1.4041230407544083
2019-10-11,0.2042901629800331
2019-10-14,-0.18570107472127712
2019-10-15,0.1485884374424553
2019-10-16,0.49986219048362934
2019-10-17,-0.853120901252148
2019-10-18,1.405608494449145
2019-10-21,0.45808600489660534
2019-10-22,0.2556145266178098
2019-10-23,-0.3104741787205729
2019-10-24,0.03657644517733401
2019-10-25,-0.07316627361337846
2019-10-28,0.27409793314222664
2019-10-29,-0.29239786914352006
2019-10-30,-0.09154994688683346
2019-10-31,0.0
2019-11-04,-1.5507048785894157
2019-11-05,-0.18621979310647624
2019-11-06,2.684971881843648
2019-11-07,0.16317653879056343
2019-11-08,-0.8733679968754666
2019-11-11,0.018273184153176896
2019-11-12,-0.3477627738384228
2019-11-13,-1.6825764422608576
2019-11-14,0.5207376468743529
2019-11-18,-0.8008237229834927
2019-11-19,-0.31838213990727016
2019-11-20,0.24355983937206094
2019-11-21,-0.39373820437243345
2019-11-22,1.6027178698669777
2019-11-25,0.29536665372332616
2019-11-26,1.0634496995388238
2019-11-27,0.4004373752731794
2019-11-28,0.1633542426961848
2019-11-29,0.6327418742159119
2019-12-02,0.37773225954285544
2019-12-03,-0.5581074888225848
2019-12-04,1.3449498888723945
2019-12-05,-0.41053158951825464
2019-12-06,0.8371230647412634
2019-12-09,-0.8550105524913103
2019-12-10,0.8372721932430185
2019-12-11,1.3042130583287985
2019-12-12,-0.4738929447871577
2019-12-13,0.05276580898083982
2019-12-16,1.3101768337674218
2019-12-17,-0.3128804916413709
2019-12-18,-0.22657961763225587
2019-12-19,0.6261979063675215
2019-12-20,0.6395320388665764
2019-12-23,0.10332358418785725
2019-12-24,2.1791805477748305
2019-12-26,0.6044343452350011
2019-12-27,0.982767966470658
2019-12-30,-0.08291186943756541
2019-12-31,1.1709542550070184
2020-01-02,-2.070810352040118
2020-01-03,-0.5370942753502127
2020-01-06,-0.9299246994291634
2020-01-07,-1.9381448805380883
2020-01-08,0.9651919121657618
2020-01-09,-0.5503969862937288
2020-01-10,-1.1274076573217995
2020-01-13,-0.19205592983271852
2020-01-14,-0.6839132312934048
2020-01-15,2.0206226579319084
2020-01-16,-1.4416228826682684
2020-01-17,1.0442141522904078
2020-01-20,0.6041271502443477
2020-01-21,-0.8815198385168598
2020-01-22,0.7609860314141406
2020-01-23,0.1721467114742902
2020-01-24,1.6546219705548326
2020-01-27,-0.8836081279580799
2020-01-28,-0.20502313691182372
2020-01-29,-0.23972614220329433
2020-01-30,0.25682746759768543
2020-01-31,0.1708525958064463
2020-02-03,-1.5136167885533518
2020-02-04,1.3427641927469032
2020-02-05,-0.5830920310793098
2020-02-06,-1.089504940506706
2020-02-07,-0.662947298929155
2020-02-10,-0.8437385262355924
2020-02-11,-0.868722775645965
2020-02-12,-0.05343307634476279
2020-02-13,-0.3033279156827522
2020-02-14,-0.7713734543764618
2020-02-17,0.37746068002864375
2020-02-18,-0.35945401751487177
2020-02-19,0.25175341475106955
2020-02-20,-0.45000525944508357
2020-02-21,0.3062237824823315
2020-02-24,-0.8852013361392729
2020-02-25,0.12693808939959636
2020-02-26,-0.30855819017732977
2020-02-27,-0.036363636764334586
2020-02-28,0.7789188915108953
2020-03-02,0.3422501764640253
2020-03-03,-0.1619725000923507
2020-03-04,-0.21637224453110304
2020-03-05,-0.48855611516458664
2020-03-06,0.8129391712765421
2020-03-09,0.1438331783387074
2020-03-10,-0.2518439899195563
2020-03-11,0.16197250009235123
2020-03-12,-0.5228534402915141
2020-03-13,0.0
2020-03-16,-0.48926436278685154
2020-03-17,-0.14542812961200013
2020-03-18,0.14542812961199067
2020-03-19,-0.23642822689185933
2020-03-20,-0.1275394178531074
2020-03-23,-0.7319337342269696
2020-03-24,-0.2574477332215566
2020-03-25,-0.5354023682284395
2020-03-26,-0.11113170249144291
2020-03-27,-0.7627234445797424
2020-03-30,-0.580580336684676
2020-03-31,-0.5650796727955755
2020-04-01,0.565079672795571
2020-04-02,-0.20682530640589572
2020-04-03,-0.9075501882867383
2020-04-06,-0.3043563315775993
2020-04-07,-0.15252624501335982
2020-04-08,-0.22922646140355482
2020-04-09,0.32458262386885056
2020-04-10,0.01906032598927615
2020-04-14,0.8161761165633337
2020-04-15,0.28315261957383603
2020-04-16,-0.7378710991828796
2020-04-17,0.8320774179729962
2020-04-20,0.3008652137892877
2020-04-21,0.6550037453660122
2020-04-22,-0.41121553273514655
2020-04-23,0.1310248198678192
2020-04-24,-0.6003770379105469
2020-04-27,-0.05647058973596344
2020-04-28,0.169316191329092
2020-04-29,-0.3766482795476893
2020-04-30,0.3954435056156061
2020-05-04,-0.16928434400996045
2020-05-05,0.18807603813646792
2020-05-06,0.5434286773670141
2020-05-07,-0.6374224806966093
2020-05-08,1.0291044138789585
2020-05-11,-1.3493458102914964
2020-05-12,0.07544323254853223
2020-05-13,-0.3399436701463915
2020-05-14,-0.8358711280882839
2020-05-15,0.11439467405732358
2020-05-18,-0.6307963189052092
2020-05-19,0.4591551973346878
2020-05-22,0.03816793939463539
2020-05-25,-0.363184954309204
2020-05-26,-0.11496456525853707
2020-05-27,0.5163028966043942
2020-05-28,0.32371731592228
2020-05-29,-0.20934444794557164
2020-06-02,0.5699103571316482
2020-06-03,1.2985973398217454
2020-06-04,0.317371684296509
2020-06-05,0.5576222627436169
2020-06-08,0.5360951927996357
2020-06-09,0.5699068646939589
2020-06-10,0.01833012561269332
2020-06-11,-0.0916842459017206
2020-06-12,0.7129177439295515
2020-06-15,-0.5296332351422566
2020-06-16,-0.3117838380797075
2020-06-17,-0.4971928113457731
2020-06-18,0.5522841725775545
2020-06-19,0.3299123226964418
2020-06-22,0.018296587737425218
2020-06-23,-0.45842200020879853
2020-06-24,-0.25763724225203466
2020-06-25,-0.8884011790162327
2020-06-26,0.0
2020-06-29,0.9436650654738499
2020-06-30,-0.2027837361866876
2020-07-01,-0.2956941722048322
2020-07-02,-0.11111112254229741
2020-07-03,-0.4084669622779233
2020-07-06,-0.9158086621986096
2020-07-07,-0.48936668336643396
2020-07-08,0.09429515078703628
2020-07-09,-0.41556538837676976
2020-07-10,-0.20843209819726483
2020-07-13,0.3030305349179063
2020-07-14,-0.03782863672877086
2020-07-15,-0.6833739578565023
2020-07-16,-0.4008021397538822
2020-07-17,0.6291127412107445
2020-07-20,-0.6099904541269437
2020-07-21,-0.19138761822840533
2020-07-22,-0.7692345623155725
2020-07-23,-0.07724990727922262
2020-07-24,0.17372844828911876
2020-07-27,-0.4833262188019265
2020-07-28,0.6374985368710494
2020-07-29,0.4227523590553792
2020-07-30,0.4591551973346878
2020-08-03,-1.3451394212180507
2020-08-04,0.7516658692365884
2020-08-05,-0.24992803550773693
2020-08-06,-0.5210858070890038
2020-08-10,0.5210858070889994
2020-08-11,-0.019251131063410174
2020-08-12,-0.07704160627594449
2020-08-13,-0.32809061564192504
2020-08-14,0.15452968112733487
2020-08-17,-0.5613099030598738
2020-08-18,0.13577734604602887
2020-08-19,0.0
2020-08-20,0.038759690407727025
2020-08-21,-0.31049898805770515
2020-08-24,-0.4870930234596566
2020-08-25,0.01952934289968794
2020-08-26,1.0489606671019442
2020-08-27,-0.30965768889198564
2020-08-28,0.579823812308973
2020-08-31,1.3970182232498305
2020-09-01,0.2088277930231659
2020-09-02,-1.7022501498359082
2020-09-03,-0.2510865635889141
2020-09-04,0.7321805348970084
2020-09-07,-0.2113962543756133
2020-09-08,-0.5981686914250827
2020-09-09,-0.5044636231680026
2020-09-10,0.252549915680569
2020-09-11,0.5610926977396233
2020-09-14,-0.15447000561366553
2020-09-15,0.15447000561366991
2020-09-16,-0.0385951374918184
2020-09-17,0.3275848386647235
2020-09-18,-0.8694866873211174
2020-09-21,-0.6034081568753733
2020-09-22,0.739159171613793
2020-09-23,0.05812264040406488
2020-09-24,-0.6022359144122118
2020-09-25,1.4316359818983584
2020-09-28,-0.32708061867710736
2020-09-29,-0.2508443187003139
2020-09-30,1.3814494443188514
2020-10-01,-1.2270092591814246
2020-10-02,-0.8134850206275841
2020-10-05,-0.4873779020742981
2020-10-06,-0.48976491277946765
2020-10-07,1.0160306240158068
2020-10-08,-2.0821809004899716
2020-10-09,2.218169265302969
2020-10-12,-0.8774551764156014
2020-10-13,-0.8457125831519949
2020-10-14,0.23673319400787568
2020-10-15,0.01970249242900782
2020-10-16,0.6871529934001214
2020-10-19,0.4295203792023501
2020-10-20,0.9886675471807496
2020-10-21,0.3081666537408114
2020-10-22,0.11531809849920908
2020-10-23,0.2877147856041564
2020-10-26,-0.07664303881596203
2020-10-27,0.554335740442624
2020-10-28,1.137237427086602
2020-10-30,1.0498784098219571
2020-11-02,0.0
2020-11-03,-1.4464420491566499
2020-11-04,-0.5312097484889942
2020-11-05,1.6788095879416294
2020-11-09,1.6878820447056222
2020-11-10,0.11029412882794057
2020-11-11,-0.29438843707951623
2020-11-12,-0.49875415110391624
2020-11-13,-0.42683557426875923
2020-11-16,0.3897916768271674
2020-11-17,0.4436236480660893
2020-11-18,0.036879956162072874
2020-11-19,-0.6288165717188678
2020-11-20,-0.2414787093364651
2020-11-23,2.370780889287451
2020-11-24,-0.29101511989764056
2020-11-25,1.0869672236903891
2020-11-26,0.3417576849188377
2020-11-27,0.8226083582874872
2020-11-30,0.8512198941261415
2020-12-01,1.5767670749488527
2020-12-02,-0.837847456711751
2020-12-03,0.017526947726932335
2020-12-04,-1.643291683124601
2020-12-07,-0.17831673769148015
2020-12-08,1.0121723631944133
2020-12-09,-0.46042227609106756
2020-12-10,0.5840207733301281
2020-12-11,0.29953330473721257
2020-12-14,-0.26424748926876795
2020-12-15,-0.3534196999041474
2020-12-16,0.2475248788542974
2020-12-17,0.5810386978006736
2020-12-18,1.1520462552662105
2020-12-21,0.2599880136791783
2020-12-22,-0.6251105613628887
2020-12-23,1.2291334522536819
2020-12-24,-0.017207261506791287
2020-12-28,0.2749615067968649
2020-12-29,-0.18895479297190462
2020-12-30,1.1284099900585152
2020-12-31,1.9695948539152852
2021-01-04,-2.8404276430937085
2021-01-05,-1.520679035785957
2021-01-06,-0.8744371913214631
2021-01-07,-0.7758811625819764
2021-01-08,-1.3724482425565792
2021-01-11,-0.10773928138602276
2021-01-12,-1.0656652823354575
2021-01-13,-0.6193098118563449
2021-01-14,-0.3660996217856477
2021-01-15,-1.1435019474392902
2021-01-18,0.018547714047432853
2021-01-19,0.018544274508400994
2021-01-20,-0.16702240126631612
2021-01-21,0.6664223109128138
2021-01-22,0.6253468971841967
2021-01-25,0.8944113654224958
2021-01-26,0.1634135633735726
2021-01-27,0.7950891180740028
2021-01-28,-0.01800018005040621
2021-01-29,1.660307709934757
2021-02-01,0.1061759080457707
2021-02-02,-0.035379444911754106
2021-02-03,1.5449745509193895
2021-02-04,0.08707009692441128
2021-02-05,-0.10449321744935389
2021-02-08,-0.4890839443499615
2021-02-09,-1.3574470228544948
2021-02-10,-1.2502395392984458
2021-02-11,-1.3389018539757254
2021-02-12,0.45433971840265713
2021-02-15,0.8845621355730814
2021-02-16,-0.6310306705400622
2021-02-17,-0.5622577612741967
2021-02-18,0.07272727593289566
2021-02-19,-0.25477720787986646
2021-02-22,-1.5794635053160244
2021-02-23,1.0313166915722813
2021-02-24,0.4569974135764602
2021-02-25,0.1275859099527847
2021-02-26,0.1274233357084125
2021-03-01,1.5881943642640803
2021-03-02,-1.7520542097579865
2021-03-03,-0.07291287235161682
2021-03-04,0.21857932199802255
2021-03-05,0.29069787913090894
2021-03-08,1.6017619516337729
2021-03-09,0.12489965045936677
2021-03-10,-0.4109717211124921
2021-03-11,0.5535234202345848
2021-03-12,-0.8763357522139213
2021-03-15,0.3586161275640956
2021-03-16,-0.4304939383855489
2021-03-17,0.41259364298287776
2021-03-18,-0.10746911297655201
2021-03-19,0.25058183865484257
2021-03-22,0.6947565132808998
2021-03-23,-0.14212118220930992
2021-03-24,-0.24919913216488732
2021-03-25,0.12467719132169067
2021-03-26,-1.127730559045863
2021-03-29,0.43111257717980794
2021-03-30,0.5006268278144222
2021-03-31,-0.7159507940164682
2021-04-01,0.8941404348924936
2021-04-02,0.14232345401880628
2021-04-06,-0.82113992270926
2021-04-07,1.2999915958889685
2021-04-08,0.1414427392810485
2021-04-09,-0.3008053228088539
2021-04-12,-0.9257676942494809
2021-04-13,0.17869911831870383
2021-04-14,-0.2502682750683552
2021-04-15,0.5711241653049485
2021-04-16,-0.07121239396546401
2021-04-19,-0.07126314215715973
2021-04-20,0.7987971825436633
2021-04-21,0.4938281640582577
2021-04-22,1.1022769290750285
2021-04-23,0.13910626482414948
2021-04-26,0.08684325339539724
2021-04-27,0.31201273362436777
2021-04-28,0.930239266231341
2021-04-29,-0.7227703121453145
2021-04-30,0.7913339075635262
2021-05-03,0.7000796969974306
2021-05-04,-0.6486878329112844
2021-05-05,0.9544984687933833
2021-05-06,-1.572950878086305
2021-05-07,1.096840473525165
2021-05-10,-2.817574683172808
2021-05-11,0.22765091698395495
2021-05-14,-0.43825120542282825
2021-05-17,0.43825120542283647
2021-05-18,0.8187485855441302
2021-05-19,-1.1691957639017159
2021-05-20,0.7693690687241106
2021-05-21,-0.927471868455989
2021-05-25,0.8752025058233316
2021-05-26,0.729296512511286
2021-05-27,1.0498332373886108
2021-05-28,-0.4117350129547792
2021-05-31,1.315021938687843
2021-06-01,-0.44210240347676955
2021-06-02,-0.683997194777687
2021-06-03,0.13717423275807367
2021-06-04,0.23960305832260317
2021-06-07,0.7153837356618774
2021-06-08,-0.2889438570161215
2021-06-09,0.8305836375329627
2021-06-10,-0.1858579566859541
2021-06-11,-0.06767044751553004
2021-06-14,0.11839324850156131
2021-06-15,0.3206483213078066
2021-06-16,-0.6084183040693142
2021-06-17,-0.39065867093073847
2021-06-18,0.8810629682154906
2021-06-21,0.8064559836730274
2021-06-22,-0.16747617379594285
2021-06-23,-0.11740043277148257
2021-06-24,0.10063737850374518
2021-06-25,0.06703536366333589
2021-06-28,-1.264452487100978
2021-06-29,1.1303367922286467
2021-06-30,0.15086751667213935
2021-07-01,-0.7566240383315925
2021-07-02,0.1180737254490756
2021-07-05,-0.016859141909606936
2021-07-06,-0.2532288008036256
2021-07-07,1.209692170882875
2021-07-08,-0.0334057126874752
2021-07-09,-0.10028414679668886
2021-07-12,-0.7216612674001986
2021-07-13,-0.9307115156735088
2021-07-14,1.0148936908612591
2021-07-15,0.7878676241909494
2021-07-16,-1.040627047662423
2021-07-19,1.3740162546089865
2021-07-21,-0.5674247534216624
2021-07-22,0.650598674876291
2021-07-23,0.7124543432472913
2021-07-26,-0.4633468491541605
2021-07-27,0.4303217497787012
2021-07-28,0.5927894849291898
2021-07-29,0.3932497284788055
2021-07-30,-0.5082394742089213
2021-08-02,-0.04932182590738044
2021-08-03,-0.08225714044463704
2021-08-04,0.5089069507471228
2021-08-05,-0.1966891307762823
2021-08-06,0.6215263710611694
2021-08-09,-0.2939257504710942
2021-08-10,0.2613099641415344
2021-08-11,0.7636725715839083
2021-08-12,-0.25931943219138676
2021-08-13,-0.17867299482449375
2021-08-16,0.27599660347971583
2021-08-17,1.0803942870971368
2021-08-18,0.8782491580349232
2021-08-19,0.1905972622733844
2021-08-20,0.3010380155078799
2021-08-23,0.6465369836790552
2021-08-24,1.7296886236420863
2021-08-25,-1.1341689197747014
2021-08-26,-0.031254883829995965
2021-08-27,0.07811890093389223
2021-08-30,0.15605496300605465
2021-08-31,1.2089421884605565
2021-09-01,-0.4632497475303122
2021-09-02,0.24733356247515983
2021-09-03,0.0
2021-09-06,-0.10813316879707265
2021-09-07,0.4010494346567568
2021-09-08,1.026121263220887
2021-09-09,0.6984540996730257
2021-09-10,0.01512973752789699
2021-09-13,-0.3637469909422302
2021-09-14,1.23737809343751
2021-09-15,0.8511960599355229
2021-09-16,0.08917955406732368
2021-09-17,0.3855283541461441
2021-09-20,1.2354915208823547
2021-09-21,0.40846154528835377
2021-09-22,0.8552636028389569
2021-09-23,0.7621001728130419
2021-09-24,1.0544412316512968
2021-09-27,-1.0257961440879098
2021-09-28,0.6281248346162456
2021-09-29,0.2132348522800148
2021-09-30,0.26944638013490024
2021-10-01,-0.32626456348163824
2021-10-04,0.11360410196525265
2021-10-05,0.6507308292915628
2021-10-06,-0.16934805063331426
2021-10-07,0.6756782462879908
2021-10-08,-0.449944516122991
2021-10-11,0.18303419400677792
2021-10-12,-0.32405805040658364
2021-10-13,-0.5377117809401772
2021-10-14,0.7069165590426404
2021-10-15,-0.43769925155875306
2021-10-19,-0.5960846488907843
2021-10-20,0.4969836285341208
2021-10-21,-0.21269061545070678
2021-10-22,-0.39823690804919387
2021-10-25,0.028498147813273422
2021-10-26,-0.04275026784025215
2021-10-27,0.0
2021-10-28,0.45506335639965095
2021-10-29,1.4927752202947646
2021-11-03,0.08383401357281631
2021-11-04,0.055850322591123616
2021-11-05,-1.5048452179772274
2021-11-08,-0.3406674692811938
2021-11-09,-1.0290215139351795
2021-11-10,0.34418505223956725
2021-11-11,0.22880032861355903
2021-11-12,0.22827802750911172
2021-11-16,-0.5573433505569259
2021-11-17,0.9981545869296091
2021-11-18,0.5659324668901357
2021-11-19,0.6048263743386911
2021-11-22,-0.407504252527045
2021-11-23,0.26717304790915236
2021-11-24,0.5880722632326547
2021-11-25,0.9448451560500695
2021-11-26,1.3052325163807947
2021-11-29,-0.3692311887127491
2021-11-30,0.17794816823537368
2021-12-01,-0.5347972979445214
2021-12-02,-0.330533285366305
2021-12-03,0.6188564067747742
2021-12-06,-0.8398204519344739
2021-12-07,0.4689663767355182
2021-12-08,0.4530796519846589
2021-12-09,0.0
2021-12-10,-0.16451881966883303
2021-12-13,-1.2981814684224955
2021-12-14,0.9820951748814177
2021-12-15,0.453204099200965
2021-12-16,1.1579722062772624
2021-12-17,-0.7613904899201693
2021-12-20,0.8020161252544667
2021-12-21,-0.8020161252544648
2021-12-22,1.4901386543336448
2021-12-23,-0.4312094001401158
2021-12-24,0.6729500496939618
2021-12-27,-0.7945634691823326
2021-12-28,1.1560822401076005
2021-12-29,0.2402884616310537
2021-12-30,2.110896321023505
2021-12-31,0.6895233199362184
2022-01-03,1.0190349388371862
2022-01-04,-0.3728708916690824
2022-01-05,-1.1140011577781812
2022-01-06,1.2041318533794678
2022-01-07,0.0386025868526471
2022-01-10,1.4052351829688414
2022-01-11,0.8085956880271207
2022-01-12,0.22624444039695432
2022-01-13,-0.4908448593768564
2022-01-14,-0.29060605454050065
2022-01-17,-1.414486788260423
2022-01-18,-0.3213576902723675
2022-01-19,-0.3353111214934
2022-01-20,0.48969170020608815
2022-01-21,-1.1637059174593323
2022-01-24,-1.3881836331245312
2022-01-25,-0.9140952567021301
2022-01-26,0.6103243039664468
2022-01-27,0.10576415581356673
2022-01-28,0.8159013546788438
2022-01-31,0.8612868067039753
2022-02-01,0.969814286369986
2022-02-02,-1.2691183031576887
2022-02-03,-0.4833767332027089
2022-02-04,-0.9209379652663687
2022-02-07,0.11888251845953283
2022-02-08,0.9590824353667479
2022-02-09,1.3506698839364804
2022-02-10,-0.5173317280220529
2022-02-11,1.3523291929948944
2022-02-14,1.5738362674880517
2022-02-15,-0.7203822622600021
2022-02-16,-0.572411408388863
2022-02-17,2.3948711995961958
2022-02-18,-0.2743828112050344
2022-02-21,-0.02498126418187356
2022-02-22,-0.8782992470305675
2022-02-23,0.35224592969353175
2022-02-24,-0.1759678684332199
2022-02-25,-0.07550969399804805
2022-02-28,0.4145995008542094
2022-03-01,-1.109441535920299
2022-03-02,-0.8530193680859909
2022-03-03,0.3318869525861909
2022-03-04,-0.7932487859374535
2022-03-07,-0.25723486853111355
2022-03-08,-0.2966404445194126
2022-03-09,0.33526788335675023
2022-03-10,-0.6716635945541234
2022-03-11,1.2748868829957498
2022-03-14,-0.6032232884416133
2022-03-15,-0.14170694802894734
2022-03-16,-0.6077473933496349
2022-03-17,0.4916557969511526
2022-03-18,0.4250119090043615
2022-03-21,0.9083411779421544
2022-03-22,0.8496658814060898
2022-03-23,0.5792008133736408
2022-03-24,0.23825956471510726
2022-03-25,1.0094172568009323
2022-03-28,-0.37267123876963854
2022-03-29,-0.6617992562933754
2022-03-30,0.9600472715832226
2022-03-31,-1.8914574034003853
2022-04-01,0.3408448670001859
2022-04-04,-0.49270518471919605
2022-04-05,0.4422828970002267
2022-04-06,0.15119065498125794
2022-04-07,-0.11337155588566829
2022-04-08,-0.17661162658039112
2022-04-11,-0.2148771603496189
2022-04-12,-0.0632871358380508
2022-04-13,-0.037991515685232624
2022-04-14,0.3792672055738755
2022-04-15,1.0668441316923563
2022-04-19,0.03744617156656336
2022-04-20,-0.8144898106362986
2022-04-21,0.46444569774052324
2022-04-22,-0.5021981678296301
2022-04-25,0.41449534945356503
2022-04-26,-1.770405370577519
2022-04-27,0.4455484424890475
2022-04-29,0.21569506554528256
2022-05-03,-1.2241927941265538
2022-05-04,0.7159324877799648
2022-05-05,-0.587710903345224
2022-05-06,1.6142708340317773
2022-05-09,-1.44782818629892
2022-05-10,-1.3263989452157332
2022-05-11,0.6203173160678482
2022-05-12,0.6804930926725434
2022-05-13,-0.281906901201606
2022-05-16,-0.9411530824739117
2022-05-17,-0.5194816877104023
2022-05-18,0.2211095392599554
2022-05-19,-0.33836575750211595
2022-05-20,0.3903205579953877
2022-05-23,-0.7559994296365978
2022-05-24,-0.7881296541948671
2022-05-25,-0.11875702391953846
2022-05-27,1.2334495703795227
2022-05-30,0.5851391768463866
2022-05-31,1.2369697728676035
2022-06-01,0.025608194762210684
2022-06-02,-0.5391540659876517
2022-06-03,-0.7104596182247656
2022-06-07,0.07775042506488046
2022-06-08,-0.06478782215606431
2022-06-09,-0.9768882636695051
2022-06-10,0.3266909145348321
2022-06-13,-0.7201340450183147
2022-06-14,0.26246734227713014
2022-06-15,-0.49927839887388087
2022-06-16,0.7610586530817801
2022-06-17,1.1308367728873039
2022-06-20,1.0030948306122576
2022-06-21,-0.7062629678312746
2022-06-22,0.12878301844289078
2022-06-23,-0.7492607071311538
2022-06-24,-0.07783111042786435
2022-06-27,0.24625765798432245
2022-06-28,-0.792778211524969
2022-06-29,-0.3529184762312265
2022-06-30,0.3398696082019996
2022-07-01,-0.2482525610240683
2022-07-04,0.1699235752959621
2022-07-05,-0.31393093146529866
2022-07-06,0.11783962083749566
2022-07-07,0.15690379788022685
2022-07-08,-0.36649255681385684
2022-07-11,0.11794772352235733
2022-07-12,-0.5252802622859514
2022-07-13,0.4204447134365241
2022-07-14,0.314177506761349
2022-07-15,0.06532959009382895
2022-07-18,0.4691173575880239
2022-07-19,0.5574656298496022
2022-07-20,0.24533552237081535
2022-07-21,-0.16779610261611272
2022-07-22,-0.01291906209405418
2022-07-25,-0.21987980145089628
2022-07-26,-0.44121535370830867
2022-07-27,1.7533000376173133
2022-07-28,-0.2559182458821517
2022-07-29,0.651301708476941
2022-08-01,0.6723780485115406
2022-08-02,-0.2405216679497301
2022-08-03,0.3289892882536234
2022-08-04,-1.5916806391598242
2022-08-05,0.9707573998384532
2022-08-09,-0.29278870130057016
2022-08-10,-0.38319117012209236
2022-08-11,0.02559181076027514
2022-08-12,0.23003205031579244
2022-08-16,-0.33243861328482105
2022-08-17,-0.48786847312352566
2022-08-18,0.513479947203844
2022-08-19,-0.025611474080317383
2022-08-22,0.2302674677429414
2022-08-23,0.07663814399884307
2022-08-24,0.12759986419307065
2022-08-25,-0.5883122224825565
2022-08-26,0.06411489608619499
2022-08-29,0.8551969920636633
2022-08-30,-0.15263294746479472
2022-08-31,0.19075481081481258
2022-09-01,-0.906138546476699
2022-09-02,-0.8885513357208342
2022-09-05,-0.038812342812086745
2022-09-06,0.1809955245239386
2022-09-07,-0.16805640307223463
2022-09-08,-0.2072271172871958
2022-09-09,0.15546058319470568
2022-09-12,0.28438488659563654
2022-09-13,-0.46577907989418643
2022-09-14,0.6978575749826869
2022-09-15,-0.633036155716788
2022-09-16,3.33916584397322
2022-09-19,-0.6539258714971582
2022-09-20,-0.17679004478322538
2022-09-21,-0.9269319113825861
2022-09-22,-0.1659751418364397
2022-09-23,0.20423800819191879
2022-09-26,-0.832324415733369
2022-09-27,-0.43814503082195605
2022-09-28,-0.24568448383186023
2022-09-29,0.0
2022-09-30,0.16816510010494737
2022-10-03,-0.5183373015137102
2022-10-04,-0.31229693566521366
2022-10-05,-0.7325081804877165
2022-10-06,0.2622264515596119
2022-10-07,0.3007127846252736
2022-10-10,-1.1554750405423506
2022-10-11,-0.556219153527427
2022-10-12,-1.2293046308923943
2022-10-13,-0.21534328644724324
2022-10-14,0.10772960912619049
2022-10-17,0.4967453323896963
2022-10-18,-0.2279279662096525
2022-10-19,0.42861035344860865
2022-10-20,0.3202564786874855
2022-10-21,0.46520985076808014
2022-10-24,-0.17253969374314132
2022-10-25,-0.15953207318596588
2022-10-26,0.7687247928384211
2022-10-27,0.0
2022-10-28,-0.821958757364115
2022-10-31,0.1064396055786723
2022-11-02,-2.4227295335324235
2022-11-03,-0.054510767226060665
2022-11-04,-0.3003415226974213
2022-11-07,1.0472724075560154
2022-11-08,-0.3388225779876124
2022-11-09,-1.366888422386333
2022-11-10,-0.05506608068660999
2022-11-11,0.2750276761097516
2022-11-14,-1.1880233664955033
2022-11-16,0.13886962376150364
2022-11-17,0.166389389469538
2022-11-18,0.0
2022-11-21,0.9925639799969999
2022-11-22,0.09597587629161988
2022-11-23,0.8324851899099501
2022-11-24,-0.3403447570920157
2022-11-25,-0.42364258782174
2022-11-28,-0.12332992313489274
2022-11-29,-0.7708228118105415
2022-11-30,-0.7768106755810139
2022-12-01,-1.4729872830641624
2022-12-02,-0.637983308051463
2022-12-05,1.1032643730321727
2022-12-06,0.9380537809148977
2022-12-07,-0.08364701449660591
2022-12-08,-0.7278867523527988
2022-12-09,0.8115337668494056
2022-12-12,2.843793532053341
2022-12-13,0.6480379098303761
2022-12-14,-0.13466201873358308
2022-12-15,0.8987920187294521
2022-12-16,0.39984059666954236
2022-12-19,-1.1908884972317104
2022-12-20,0.8044017097560844
2022-12-21,-0.334381372218731
2022-12-22,-0.44310243697104884
2022-12-23,1.7078467134707505
2022-12-27,0.9217868798052711
2022-12-28,-0.14429070516800052
2022-12-29,-0.22340504725089355
2022-12-30,-0.6599812762614911
2023-01-02,-0.31834487688936525
2023-01-03,-0.22610902763515536
2023-01-04,-1.2460803021622235
2023-01-05,-0.2700150148690459
2023-01-06,-0.8689803494068177
2023-01-09,-1.1107416219057817
2023-01-10,-0.8029947619172427
2023-01-11,0.3884577581833916
2023-01-12,0.33176696176193193
2023-01-13,-0.9846830827200571
2023-01-16,-0.27913486372706414
2023-01-17,0.8350779217420109
2023-01-18,0.8968669982760316
2023-01-19,0.6025764603669655
2023-01-20,0.327154054061517
2023-01-23,-1.1222233553869123
2023-01-24,0.04127967034881268
2023-01-25,0.1649484910075718
2023-01-26,1.6482018551390167
2023-01-27,-0.1487190161214496
2023-01-30,0.5531957708787555
2023-01-31,-0.7427949609372146
2023-02-01,0.5003052826375435
2023-02-02,-0.04047217593187779
2023-02-03,-0.06749004778007825
2023-02-06,-0.17568759164578346
2023-02-07,-0.5017299832888426
2023-02-08,-0.19050216674321088
2023-02-09,0.9354097894579255
2023-02-10,0.3636612533656326
2023-02-13,1.2160235365107155
2023-02-14,1.3849723455052687
2023-02-15,0.8478495972874452
2023-02-16,0.9565739952170212
2023-02-17,-0.3221444703333151
2023-02-20,-1.0378920361351307
2023-02-21,0.8311736162686227
2023-02-22,-0.9747299215098035
2023-02-23,-0.104534179125742
2023-02-24,0.28720646374301795
2023-02-27,0.3253728386246069
2023-02-28,-0.33840979842404567
2023-03-01,0.1823629527145334
2023-03-02,-0.3258817978853725
2023-03-03,0.6247579868399581
2023-03-06,0.4272680805779768
2023-03-07,0.5154650588664422
2023-03-08,-0.167234875278988
2023-03-09,0.5905023577096888
2023-03-10,0.47245187797099325
2023-03-13,-0.42126825561236686
2023-03-14,0.19170559900157558
2023-03-15,0.03829705797748904
2023-03-16,-0.6659007830732955
2023-03-17,-0.07712082644449354
2023-03-20,-0.11579287237822782
2023-03-21,-0.051506568226002296
2023-03-22,-0.49064010626742116
2023-03-23,0.09056213828087979
2023-03-24,-0.025866528856061465
2023-03-27,-0.11648224962930943
2023-03-28,-0.37625733652468374
2023-03-29,-0.8747363041425619
2023-03-30,-0.8427755966630914
2023-03-31,-0.7966053809045639
2023-04-03,-0.46763396061308427
2023-04-04,-0.20108593142227116
2023-04-05,0.01341831602147509
2023-04-06,0.6952829185868433
2023-04-07,-0.7087012346083286
2023-04-11,0.5486798642831894
2023-04-12,0.572228589188823
2023-04-13,-0.5588836902566281
2023-04-14,0.5456131706963082
2023-04-17,0.29154539601241347
2023-04-19,-0.23847388090178986
2023-04-20,-0.1991635790780961
2023-04-24,-0.026585139063920182
2023-04-25,0.5039130143296839
2023-04-26,-0.46403795565021133
2023-04-27,-0.4395026053097339
2023-04-28,0.6519014638667835
2023-05-02,-0.27886612587613807
2023-05-03,-1.7167803622365447
2023-05-04,1.5171130746042139
2023-05-05,-0.26684472138336407
2023-05-08,-0.08019246620609802
2023-05-09,0.42695194943441317
2023-05-10,-0.6545137904908562
2023-05-11,0.4946203520286164
2023-05-12,0.039997334044321674
2023-05-15,0.11989610441792328
2023-05-16,0.43839326272815843
2023-05-17,-0.34524001891699785
2023-05-19,1.2294424143268152
2023-05-22,0.32793365782465833
2023-05-23,-0.2491314472850099
2023-05-24,-0.14451818845831607
2023-05-25,-0.7654781999764073
2023-05-26,-1.1191163961261104
2023-05-30,0.6809559659895126
2023-05-31,-0.7345608989268525
2023-06-01,0.10718114638068764
2023-06-02,0.7071882164789678
2023-06-05,0.6890182287419772
2023-06-06,0.26374800994110126
2023-06-07,0.5516168439498854
2023-06-08,0.2354789157188293
2023-06-09,0.43027643148681194
2023-06-12,0.15600627189021843
2023-06-13,-0.15600627189022276
2023-06-14,-0.5610295881905014
2023-06-15,0.05232178013409265
2023-06-16,0.35245777626724767
2023-06-19,0.07815553348200886
2023-06-20,-0.22159951713135195
2023-06-21,0.18252938574941668
2023-06-22,0.8302032376814906
2023-06-23,-1.091061609159004
2023-06-26,0.6378984072979624
2023-06-27,0.6338550424536288
2023-06-29,0.5785937067043927
2023-06-30,0.4732374375181654
2023-07-03,0.22941636368568663
2023-07-04,-0.08915494445224277
2023-07-05,0.6224218252381923
2023-07-06,-0.4569115703824534
2023-07-07,0.431582289598593
2023-07-10,-0.5588735491486845
2023-07-11,0.7739682104292518
2023-07-12,-0.30379770200768097
2023-07-13,0.5562593357215331
2023-07-14,0.16375893311297746
2023-07-17,0.552279551122544
2023-07-18,0.3623418720410426
2023-07-19,-0.6506529460862857
2023-07-20,-0.06278646530113002
2023-07-21,0.5511726342236739
2023-07-24,-0.33785929654630825
2023-07-25,0.28787803847720395
2023-07-26,0.09993754735582974
2023-07-27,0.2244949807894395
2023-07-28,0.6581013383564187
2023-07-31,-0.223020783802986
2023-08-01,0.987418538581295
2023-08-02,-0.06142883662668499
2023-08-03,-0.5669228888817673
2023-08-04,0.06177797194070669
2023-08-08,0.08642509334785749
2023-08-09,-1.1668454137042943
2023-08-10,0.8578407799675974
2023-08-11,-0.43421692192891526
2023-08-14,0.11183598556130112
2023-08-16,0.5202538676128735
2023-08-17,-0.7191599500985795
2023-08-18,-0.36152878621912937
2023-08-21,-0.262615044946713
2023-08-22,-0.4643874050054086
2023-08-23,1.1880337319430074
2023-08-24,0.11182209030022472
2023-08-25,0.569590445344495
2023-08-28,-0.8182540075177327
2023-08-29,0.5833815341328452
2023-08-30,0.6537986651634105
2023-08-31,-0.3448703996998803
2023-09-01,1.5426358802867655
2023-09-04,0.0850082023381972
2023-09-05,0.16979991951163528
2023-09-06,0.8687313322382593
2023-09-07,0.5630443146531319
2023-09-08,1.0694018264444485
2023-09-11,-0.604589595750726
2023-09-12,2.5475346109585035
2023-09-13,-0.6979207112534772
2023-09-14,0.46582126854304007
2023-09-15,-0.06973500979948341
2023-09-18,-1.3932204516943596
2023-09-19,-0.15338331129369986
2023-09-20,-0.18910299926713398
2023-09-21,-0.28432669314454345
2023-09-22,0.15411063449618892
2023-09-25,0.39014059062069584
2023-09-26,0.15327480451679737
2023-09-28,-0.5315705624318986
2023-09-29,-0.2490365947626989
2023-10-02,0.28456267720157213
2023-10-03,-0.4152583531451497
2023-10-04,0.7934199950145067
2023-10-05,-0.08260074810316341
2023-10-06,0.05900749566387992
2023-10-09,-0.7579382565599271
2023-10-10,0.34415271611294374
2023-10-11,-0.11853960610442675
2023-10-12,0.0948429235290881
2023-10-13,0.7555224227825976
2023-10-16,0.2583980765925068
2023-10-17,-0.0938857010636695
2023-10-18,-0.8608036172869747
2023-10-19,0.11835721585240214
2023-10-20,0.0
2023-10-23,-0.8553152641718554
2023-10-24,1.1859721549519138
2023-10-25,0.3883043062252879
2023-10-26,-0.7544536552306346
2023-10-27,0.6369448285479707
2023-10-30,-0.1765225524569081
2023-10-31,-0.6143686621109085
2023-11-02,-0.30860558616934847
2023-11-03,0.6516996819686799
2023-11-06,1.127434138391486
2023-11-07,-0.11684974454102659
2023-11-08,0.24522695771406958
2023-11-09,-0.36221340063036184
2023-11-10,1.1406082689780526
2023-11-13,-0.9184509136507729
2023-11-14,-0.5504493608102772
2023-11-16,-0.48266619102842856
2023-11-17,0.0
2023-11-20,0.4826661910284182
2023-11-21,0.42189210591666354
2023-11-22,0.17526440193608603
2023-11-23,-0.2805706773904408
2023-11-24,-0.32833050133141617
2023-11-27,-0.7072165261362373
2023-11-28,0.17727357948637673
2023-11-29,0.29475939516175
2023-11-30,-0.5311940720371727
2023-12-01,0.11828721511697327
2023-12-04,0.4952840313344295
2023-12-05,0.5513533821679476
2023-12-06,0.6762296959506757
2023-12-07,-1.5574997200080787
2023-12-08,1.2898865519755764
2023-12-11,0.10480350304259356
2023-12-12,-0.27972046210611423
2023-12-13,-0.6439926243527737
2023-12-14,0.17604605215687183
2023-12-15,0.44460117696903867
2023-12-18,-0.5267174347360309
2023-12-19,-0.3644704522562796
2023-12-20,0.5989096640754246
2023-12-21,-0.2931349932777197
2023-12-22,0.4569160312923759
2023-12-26,-0.19891190083865357
2023-12-27,-0.9059418393406408
2023-12-28,1.6643609696847306
2023-12-29,0.4523057870530333
2024-01-02,-0.6617543160302646
2024-01-03,0.7542826594349171
2024-01-04,-1.1277222345143345
2024-01-05,-0.6098294963422748
2024-01-08,-0.9455217587366828
2024-01-09,0.9455217587366708
2024-01-10,-0.141259587939111
2024-01-11,0.0
2024-01-12,0.7043109288265881
2024-01-15,-0.16389607976926596
2024-01-16,0.4792248082042403
2024-01-17,-0.8078250334699064
2024-01-18,-0.4122745694641844
2024-01-19,0.21223920241507332
2024-01-22,-0.18863481188885522
2024-01-23,0.1061508621230343
2024-01-24,-0.7573104470070758
2024-01-25,-0.0594071187197718
2024-01-26,0.27298100151606924
2024-01-29,-0.23733249540506202
2024-01-30,-0.35705822271646004
2024-01-31,0.44018868293997343
2024-02-01,-0.7147993265287172
2024-02-02,0.2507613708784968
2024-02-05,-0.05964807811804679
2024-02-06,0.2859868488762459
2024-02-07,-0.03570366000438813
2024-02-08,-0.07144558532060243
2024-02-09,-0.03574194355080511
2024-02-13,1.0431578709815499
2024-02-14,0.9740146240243254
2024-02-15,-0.16362789999583285
2024-02-16,0.01169659045723703
2024-02-19,-0.9755028288528627
2024-02-20,1.5585948599321937
2024-02-21,-0.27945989310158004
2024-02-22,0.9516144691342651
2024-02-23,-0.6024114603380902
2024-02-26,0.17414528113799255
2024-02-27,-0.26714691536980173
2024-02-28,0.2671469153697938
2024-02-29,-0.01160025521861258
2024-03-01,-1.2725640180777793
2024-03-04,0.9704840857979316
2024-03-05,-0.7709417929314631
2024-03-06,0.339479401242904
2024-03-07,0.45473173443462916
2024-03-08,0.7879530918425623
2024-03-11,-0.6019930196572832
2024-03-12,0.6712211290333763
2024-03-13,-0.3350473933188376
2024-03-14,-0.49886987851723147
2024-03-15,0.6260890016722412
2024-03-18,0.44974993645108124
2024-03-19,-0.19579620421486071
2024-03-20,0.09218714642273189
2024-03-21,-0.5196616579253204
2024-03-22,0.9907915152932971
2024-03-25,-0.22954216437048447
2024-03-26,0.36701497786431125
2024-03-27,0.3656729020428711
2024-03-28,0.4325069341720876
2024-03-29,-0.2729445570310953
2024-04-02,0.21614251063022308
2024-04-03,-0.45558165358608016
2024-04-04,-0.22857152808558398
2024-04-05,0.10292184566832212
2024-04-08,-0.1258077594883348
2024-04-09,0.5250554237930662
2024-04-11,-0.2165366393976994
2024-04-12,-0.03423289814911611
2024-04-15,0.5803714725816659
2024-04-16,-0.022696323293069316
2024-04-17,0.3851386727155935
2024-04-18,0.6423642981913795
2024-04-19,-0.6762875189611042
2024-04-22,-0.589838370696582
2024-04-23,0.7367559537711085
2024-04-24,0.14670205192683197
2024-04-25,0.25902373849367377
2024-04-26,-0.2590237384936736
2024-04-29,-0.7583940362390418
2024-04-30,0.7132778613253357
2024-05-02,-1.3173027190406552
2024-05-03,-1.1497022477614263
2024-05-06,0.6799219509571169
2024-05-07,-0.691485986818535
2024-05-08,0.680000315181277
2024-05-10,-0.13793105635054873
2024-05-13,-0.33412093990307806
2024-05-14,0.6785925171813081
2024-05-15,0.3775532200704658
2024-05-16,-0.5037217290937579
2024-05-17,1.4583829174517606
2024-05-21,-0.7949167454422871
2024-05-22,0.9644370437091191
2024-05-23,-0.22609098484650075
2024-05-24,2.3267268857852654
2024-05-27,0.3201415771768618
2024-05-28,-0.3975709267673057
2024-05-29,0.0
2024-05-30,-0.12179595150092716
2024-05-31,0.7725455043425417
2024-06-03,0.6683857677360227
2024-06-04,0.2290701847046739
2024-06-05,1.3097551523418354
2024-06-06,-0.46348776046847345
2024-06-07,-0.5090723152145474
2024-06-10,0.929535443417745
2024-06-11,-0.06457167680236159
2024-06-12,-0.5722012913134822
2024-06-13,0.09739733468393462
2024-06-14,0.3994175979895706
2024-06-18,0.3119456087408659
2024-06-19,-0.6464843117211091
2024-06-20,1.2247682106870246
2024-06-21,-0.2673083655300575
2024-06-24,-1.1738867232736876
2024-06-25,-0.4342640632042035
2024-06-26,0.737130708993772
2024-06-27,-0.3678861539319204
2024-06-28,0.15164647620172306
2024-07-01,0.09736572414136546
2024-07-02,0.17286089006176888
2024-07-03,-0.6606402973919581
2024-07-04,-0.08696598004354103
2024-07-05,-0.8080410858263158
2024-07-08,0.07671653617531704
2024-07-09,0.20793441144529642
2024-07-10,0.8599628461401345
2024-07-11,0.7666182338092135
2024-07-12,-0.30162685800253114
2024-07-15,0.3016268580025333
2024-07-16,0.0967585948736038
2024-07-17,-0.6035801898122944
2024-07-18,0.7109800497760796
2024-07-19,0.5245983873957363
2024-07-22,-0.28872393473066443
2024-07-23,0.38478029517691537
2024-07-24,-0.6528625960993663
2024-07-25,-0.10743447530991142
2024-07-26,0.7389591859127594
2024-07-29,-0.4062873117925355
2024-07-30,0.22473121984290378
2024-07-31,1.2851326570486117
2024-08-01,-0.11615016352527986
2024-08-02,0.37962715633263333
2024-08-05,0.304766144149813
2024-08-06,0.03147458453304664
2024-08-08,-0.05246314584421095
2024-08-09,0.49207030137106483
2024-08-12,-0.7442772446420526
2024-08-13,1.5141520417957632
2024-08-14,0.12428794971257974
2024-08-16,-0.7167744810159378
2024-08-19,-0.8375258336732383
2024-08-20,0.052551370172557565
2024-08-21,-0.5901587367899188
2024-08-22,-0.12691699218183453
2024-08-23,0.6329802756818429
2024-08-26,-0.897909164807637
2024-08-27,0.718971166428628
2024-08-28,0.25252538671939884
2024-08-29,-0.10514142488935459
2024-08-30,0.8380522545621789
2024-09-02,0.9448235161365837
2024-09-03,1.0178466530434176
2024-09-04,0.5203296951050193
2024-09-05,0.4366154065100516
2024-09-06,0.5859194456915957
2024-09-09,-1.1141612266445269
2024-09-10,0.9629591414899638
2024-09-11,-1.04447534734887
2024-09-12,0.5996257612598378
2024-09-13,-0.12166685065682567
2024-09-16,0.5967751489642096
2024-09-17,-0.06052658310475108
2024-09-18,1.1437869251870654
2024-09-19,-1.801850550267825
2024-09-20,0.7790801787768223
2024-09-23,-0.3837225752493519
2024-09-24,-0.6394337950726587
2024-09-25,0.27454387065153607
2024-09-26,-0.33565611537280315
2024-09-27,0.4777160073509961
2024-09-30,0.5057156524906853
2024-10-01,0.543315553237139
2024-10-02,-0.2511680629204736
2024-10-03,0.3614824701362083
2024-10-04,0.13021487290922282
2024-10-07,1.2929071198857374
2024-10-08,-0.029648663556620308
2024-10-09,-0.20778714248961072
2024-10-10,-0.5562191535274047
2024-10-11,0.33807330598755847
2024-10-14,-1.087889365870058
2024-10-15,-0.4425230996992791
2024-10-16,0.32202905961610584
2024-10-17,0.45110597274522196
2024-10-18,-0.2904794950811726
2024-10-21,-0.251092383215698
2024-10-22,0.12060302969356948
2024-10-23,-0.3521661837580197
2024-10-24,0.8231325335278261
2024-10-25,0.47870840395592373
2024-10-28,0.3079523617836142
2024-10-29,0.0
2024-10-30,0.5637718310003763
2024-10-31,0.6488422291365415
2024-11-04,0.009798637997154356
2024-11-05,-0.17652255245691922
2024-11-06,-0.20633758241865022
2024-11-07,-0.3942056942876073
2024-11-08,0.32533178001879187
2024-11-11,-0.7508432824662361
2024-11-12,0.01983143288602033
2024-11-13,0.34641495522304805
2024-11-14,-1.2627560284750805
2024-11-18,1.252875093730634
2024-11-19,0.22701485345390776
2024-11-20,-0.7819112435774035
2024-11-21,-0.6979787036071499
2024-11-22,0.03001350630304248
2024-11-25,-0.34068169223245287
2024-11-26,-0.04015661132166185
2024-11-27,0.27074471289150986
2024-11-28,0.40973424633707356
2024-11-29,0.7055929894935711
2024-12-02,-1.4262446920564367
2024-12-03,0.09036598837744708
2024-12-04,-0.4627309332991788
2024-12-05,-0.1311607916427962
2024-12-06,0.864500760036728
2024-12-09,-0.1502479373146133
2024-12-10,-0.42189916925766
2024-12-11,0.14083092559994606
2024-12-12,0.5513522061885372
2024-12-13,0.5184975221571624
2024-12-16,0.278081418646286
2024-12-17,-1.0468167972232596
2024-12-18,0.7090457627976005
2024-12-19,-0.2590675024092395
2024-12-20,0.5373147255536193
2024-12-23,-0.0794202364787481
2024-12-24,0.059571089926879844
2024-12-26,-0.13905445228330449
2024-12-27,0.06955139631559366
2024-12-30,-0.059612520394269085
2025-01-02,0.68340780024136
2025-01-03,-0.11851853239174946
2025-01-06,-0.46555480055768095
2025-01-07,-1.793186040096039
2025-01-08,0.5946099655738026
2025-01-09,-1.7945430125394173
2025-01-10,1.4523182195512772
2025-01-13,-0.718444780127714
2025-01-14,-0.3255012537240547
2025-01-15,-0.41860288804614193
2025-01-16,0.672991221619907
2025-01-17,0.0
2025-01-20,-0.04065867102159974
2025-01-21,-0.5607396045590192
2025-01-22,0.5912351575272435
2025-01-23,-0.30537483014497746
2025-01-24,0.5287251768013347
2025-01-27,0.3239852990893597
2025-01-28,0.19187079857558403
2025-01-29,0.7237667300230602
2025-01-30,-0.7641299999958755
2025-01-31,1.243747226345168
2025-02-03,-0.33949108991861376
2025-02-04,1.3412351474801905
2025-02-05,-0.0789811473577608
2025-02-06,0.09871669113605522
2025-02-07,1.2842684234148087
2025-02-10,-0.2340551097752836
2025-02-11,-0.5973674915299858
2025-02-12,0.7827062755013315
2025-02-13,-1.2848982619480132
2025-02-14,1.2361581917722169
2025-02-17,1.749428465960055
2025-02-18,0.46838493124262165
2025-02-19,0.047671259900744646
2025-02-20,0.9014626686447458
2025-02-21,0.5933617597450755
2025-02-24,0.813658919607927
2025-02-25,-0.373274042968402
2025-02-26,0.24278656057038886
2025-02-27,-0.22408972962875898
2025-02-28,0.4197571575346931
2025-03-03,0.5199157566217167
2025-03-04,-0.03704732838519049
2025-03-05,1.4439024019376965
2025-03-06,0.7640568368891951
2025-03-07,-0.20862631722327254
2025-03-10,0.7237885573715683
2025-03-11,0.05407354133196836
2025-03-12,0.24296974832592036
2025-03-13,0.33200263794936885
2025-03-14,0.1521729694358071
2025-03-17,-0.08948546458437107
2025-03-18,0.8735236933016952
2025-03-19,0.9187343774627106
2025-03-20,-0.8388940538602779
2025-03-21,2.097211949977887
2025-03-24,0.19085630847683224
2025-03-25,0.251028047856689
2025-03-26,-0.6331056227714683
2025-03-28,-0.06962576434450088
2025-04-01,-1.1823056668902365
2025-04-02,0.5096671841029918
2025-04-03,-0.22815032711527358
2025-04-04,-0.3520200766174062
2025-04-07,0.43105410927144666
2025-04-08,0.28050509276084606
2025-04-09,-0.28928356794535975
2025-04-10,1.0218875771526599
2025-04-11,-0.934137483771866
2025-04-14,1.0209958232897947
2025-04-15,0.07810805343947995
2025-04-16,-0.41728305355157236
2025-04-17,0.39125381389222097
2025-04-18,-0.5743641235895945
2025-04-22,0.7217736451881777
2025-04-23,-0.14740952159857423
2025-04-24,0.34650069318177057
2025-04-25,-0.23375622089469836
2025-04-28,-0.6783814500841522
2025-04-29,-0.38471674625522734
2025-04-30,-0.729769801348887
2025-05-02,0.45782788192812424
2025-05-05,-1.0419520315029036
2025-05-06,0.7164051336330167
2025-05-07,0.4309024826809364
2025-05-08,0.008774623793634515
2025-05-09,0.6646285943407801
2025-05-12,-0.3492538257173116
2025-05-13,-0.008746993226658279
2025-05-14,0.966275200520908
2025-05-15,1.3167710374647488
2025-05-16,0.7156275216018009
2025-05-19,-0.16992357529598015
2025-05-20,1.1834457647002798
2025-05-21,-0.94563352420354
2025-05-22,1.1806512586989044
2025-05-23,0.7267291725995002
2025-05-26,0.07487832622410887
2025-05-27,-0.10817558783201232
2025-05-28,-1.0461659627884417
2025-05-30,-0.42155024065056435
2025-06-02,-0.6611874557900008
2025-06-03,-1.1117877283433706
2025-06-04,1.0437257893538476
2025-06-05,0.05105079665029569
2025-06-10,1.1838460601182927
2025-06-11,1.1783030239743957
2025-06-12,-0.44128126227340714
2025-06-13,0.22504697974894683
2025-06-16,0.38225075628204525
2025-06-17,-0.09127495136444132
2025-06-18,0.39768072294918316
2025-06-19,1.3714031399228912
2025-06-20,0.44757368120039415
2025-06-23,1.1303204469443362
2025-06-24,-1.000492450779341
2025-06-25,0.348079843085008
2025-06-26,-0.1374681815966176
2025-06-27,-0.3242019373936179
2025-06-30,0.17033706515452518
2025-07-01,-0.29218428383648604
2025-07-02,-0.7669750391313446
2025-07-03,-0.352820878820485
2025-07-04,0.8919497782070648
2025-07-07,-0.4490719937134972
2025-07-08,-1.5587301692061823
2025-07-09,0.3567728322846864
2025-07-10,0.833028859441915
2025-07-11,0.8424374036651198
2025-07-14,-0.20382380379950749
2025-07-15,-0.41709322376488317
2025-07-16,0.759280293849519
2025-07-17,-0.5546054506102935
2025-07-18,-0.7223211246386357
2025-07-21,0.8204164484534769
2025-07-22,0.22036328035904823
2025-07-23,0.3011927874239848
2025-07-24,0.36509715618810673
2025-07-25,-0.4464111954708894
2025-07-28,-0.09766420569569358
2025-07-29,-0.23641636577182548
2025-07-30,0.30153643319313006
2025-07-31,-1.1128500413796987
2025-08-01,0.32859636894645017
2025-08-04,-1.0967825279088426
2025-08-05,0.5210283465407068
2025-08-06,0.19777509536874358
2025-08-08,-0.6856414452533534
2025-08-11,0.5455911690358416
2025-08-12,0.3702946012694733
2025-08-13,0.4425511238579302
2025-08-14,-0.1554892084619655
2025-08-18,0.9617809895201317
2025-08-19,0.35627568050084374
2025-08-20,0.7328400021416657
2025-08-21,-0.12846248253992004
2025-08-22,0.28880886500734754
2025-08-25,-0.7074553181760093
2025-08-26,0.7795273933678285
2025-08-27,-0.2564926061525127
2025-08-28,-0.1928021162799692
2025-08-29,0.7210991906713862
2025-09-01,0.1754806225210584
2025-09-02,0.3897400041734158
2025-09-03,0.24578803255794118
2025-09-05,1.4075325748189311
2025-09-08,0.46739977589182624
2025-09-09,0.6043719000647944
2025-09-10,1.190261700360497
2025-09-11,0.7756103059473327
2025-09-12,-0.43268750847346527
2025-09-15,0.6672251609067942
2025-09-16,-0.11341727426513679
2025-09-17,0.6410036653507613
2025-09-18,0.270250145713817
2025-09-19,0.9104540503049284
2025-09-22,-0.4765814367107316
2025-09-23,0.014927601162220035
2025-09-24,0.3873375419973328
2025-09-25,0.3636232717939277
2025-09-26,0.48769770795040823
2025-09-29,-0.30268377913426
2025-09-30,0.4941559637085646
2025-10-01,0.0
2025-10-02,-0.23571018573813127
2025-10-03,0.051609099092206054
2025-10-06,-0.38401937747605075
2025-10-07,0.3397846377397456
2025-10-08,0.9540656545810541
2025-10-09,0.9233407414984207
2025-10-10,0.42607033222702845
2025-10-13,0.7180328113896068
2025-10-14,-0.3081224894842241
2025-10-15,1.5312053605888214
2025-10-16,-1.4666360000931336
2025-10-17,0.6220303901485581
2025-10-20,0.39125072139661865
2025-10-21,-0.4696848941937092
2025-10-22,0.8806249651963949
2025-10-23,0.14131281938965942
2025-10-24,0.23273045519908467
2025-10-27,1.2391211784844534
2025-10-28,-0.39736536653152954
2025-10-29,0.8000877550161276
2025-10-30,-0.18033019174487863
2025-10-31,-0.3198445224252013
2025-11-03,-1.3249869609650844
2025-11-04,0.13399628225872484
2025-11-05,-0.3035117911377919
2025-11-06,1.7240598034433647
2025-11-07,0.5266817441619737
2025-11-10,-0.7492750469773437
2025-11-11,-0.020893547452127882
2025-11-12,-0.24408115608088088
2025-11-13,-0.2166848085090314
2025-11-14,0.027985727461730878
2025-11-17,1.334186978523961
2025-11-18,0.020706077307646696
2025-11-19,0.7083205353017642
2025-11-20,-0.19205712742107997
2025-11-21,0.15093306926781758
2025-11-24,-0.11661008969627777
2025-11-25,-0.0823949511047159
2025-11-26,-0.4474896455686925
2025-11-27,-0.07592752737503884
2025-11-28,0.28271006590379827
2025-12-01,2.0581345258122283
2025-12-02,-1.0033302254727388
2025-12-03,1.111197828461945
2025-12-04,1.1589478237129347
2025-12-05,-0.41380289975487866
2025-12-08,0.3271795393491374
2025-12-09,-1.403037146192954
2025-12-10,-0.6034939489303491
2025-12-11,0.5764486478865387
2025-12-12,-0.33868487295779703
2025-12-15,0.02035347203336782
2025-12-16,-0.02713888340151756
2025-12-17,-0.02714625059085953
2025-12-18,-0.6537306223407485
2025-12-19,0.6333660972729099
2025-12-22,-1.257018874218996
2025-12-23,-0.17890323356990612
2025-12-24,-0.1378359970121271
2025-12-26,0.6256250855356699
2025-12-29,0.11644235707273744
2025-12-30,1.0283742347026108
2025-12-31,0.5540554714042283
